"","area_key_list_LA","final_scores_LA"
"1",6037101110,0
"2",6037101122,0
"3",6037101210,0
"4",6037101220,1
"5",6037101300,0
"6",6037101400,0
"7",6037102103,0
"8",6037102104,1
"9",6037102105,0
"10",6037102107,0
"11",6037103101,0
"12",6037103102,1
"13",6037103200,0
"14",6037103300,1
"15",6037103400,0
"16",6037104103,0
"17",6037104105,0
"18",6037104108,0
"19",6037104124,0
"20",6037104201,0
"21",6037104203,0
"22",6037104204,0
"23",6037104310,0
"24",6037104320,0
"25",6037104401,0
"26",6037104403,0
"27",6037104404,0
"28",6037104500,0
"29",6037104610,0
"30",6037104620,0
"31",6037104701,0
"32",6037104703,0
"33",6037104704,1
"34",6037104810,0
"35",6037104821,0
"36",6037104822,0
"37",6037106010,0
"38",6037106020,1
"39",6037106111,0
"40",6037106112,1
"41",6037106113,0
"42",6037106114,0
"43",6037106403,0
"44",6037106405,0
"45",6037106406,0
"46",6037106407,0
"47",6037106408,0
"48",6037106510,0
"49",6037106520,0
"50",6037106603,0
"51",6037106604,0
"52",6037106641,0
"53",6037106642,0
"54",6037106643,0
"55",6037106645,0
"56",6037106646,1
"57",6037106648,0
"58",6037106649,1
"59",6037107010,0
"60",6037107020,0
"61",6037108101,0
"62",6037108102,0
"63",6037108103,0
"64",6037108104,0
"65",6037108201,0
"66",6037108202,0
"67",6037109100,0
"68",6037109200,0
"69",6037109300,0
"70",6037109400,0
"71",6037109500,0
"72",6037109601,0
"73",6037109603,0
"74",6037109604,0
"75",6037109700,0
"76",6037109800,1
"77",6037111100,0
"78",6037111201,0
"79",6037111202,0
"80",6037111204,0
"81",6037111205,0
"82",6037111206,0
"83",6037111301,0
"84",6037111302,0
"85",6037111400,0
"86",6037113101,0
"87",6037113102,1
"88",6037113211,0
"89",6037113212,1
"90",6037113213,1
"91",6037113231,0
"92",6037113232,0
"93",6037113233,0
"94",6037113234,0
"95",6037113235,0
"96",6037113237,0
"97",6037113301,0
"98",6037113303,0
"99",6037113321,0
"100",6037113322,0
"101",6037113401,0
"102",6037113421,0
"103",6037113422,0
"104",6037115101,0
"105",6037115103,0
"106",6037115104,0
"107",6037115201,0
"108",6037115202,0
"109",6037115301,1
"110",6037115302,0
"111",6037115401,0
"112",6037115403,0
"113",6037115404,0
"114",6037117101,1
"115",6037117102,0
"116",6037117201,0
"117",6037117202,1
"118",6037117301,1
"119",6037117302,0
"120",6037117303,0
"121",6037117404,0
"122",6037117405,0
"123",6037117407,0
"124",6037117408,0
"125",6037117510,0
"126",6037117520,0
"127",6037117530,0
"128",6037119001,1
"129",6037119002,0
"130",6037119201,0
"131",6037119202,0
"132",6037119310,0
"133",6037119320,0
"134",6037119340,0
"135",6037119341,0
"136",6037119342,0
"137",6037119400,0
"138",6037119700,0
"139",6037119800,0
"140",6037119900,0
"141",6037120010,0
"142",6037120020,0
"143",6037120030,0
"144",6037120103,0
"145",6037120104,0
"146",6037120105,0
"147",6037120106,0
"148",6037120107,0
"149",6037120108,0
"150",6037120300,0
"151",6037120400,0
"152",6037121010,0
"153",6037121020,0
"154",6037121101,0
"155",6037121102,0
"156",6037121210,0
"157",6037121221,0
"158",6037121222,0
"159",6037121600,0
"160",6037121801,0
"161",6037121802,1
"162",6037121900,0
"163",6037122000,1
"164",6037122120,0
"165",6037122121,1
"166",6037122122,0
"167",6037122200,0
"168",6037122410,0
"169",6037122420,0
"170",6037123010,0
"171",6037123020,0
"172",6037123103,1
"173",6037123104,0
"174",6037123203,0
"175",6037123204,0
"176",6037123205,0
"177",6037123206,0
"178",6037123301,0
"179",6037123303,0
"180",6037123304,0
"181",6037123410,1
"182",6037123420,0
"183",6037123510,0
"184",6037123520,0
"185",6037123601,0
"186",6037123602,1
"187",6037123700,1
"188",6037123800,0
"189",6037123901,0
"190",6037123902,1
"191",6037124000,0
"192",6037124102,1
"193",6037124103,0
"194",6037124104,0
"195",6037124105,0
"196",6037124201,0
"197",6037124203,0
"198",6037124204,0
"199",6037124300,0
"200",6037124400,0
"201",6037124500,0
"202",6037124600,1
"203",6037124700,0
"204",6037124902,0
"205",6037124903,1
"206",6037125100,1
"207",6037125200,0
"208",6037125310,0
"209",6037125320,1
"210",6037125401,0
"211",6037125402,1
"212",6037125501,0
"213",6037125502,1
"214",6037125600,0
"215",6037127102,0
"216",6037127103,0
"217",6037127104,0
"218",6037127210,0
"219",6037127220,0
"220",6037127300,0
"221",6037127400,0
"222",6037127520,0
"223",6037127603,0
"224",6037127604,0
"225",6037127605,0
"226",6037127606,0
"227",6037127711,1
"228",6037127712,0
"229",6037127803,0
"230",6037127804,1
"231",6037127805,0
"232",6037127806,0
"233",6037127910,0
"234",6037127920,1
"235",6037128101,1
"236",6037128102,0
"237",6037128210,0
"238",6037128220,0
"239",6037128302,0
"240",6037128303,0
"241",6037128400,1
"242",6037128500,1
"243",6037128601,0
"244",6037128602,1
"245",6037128702,0
"246",6037128801,0
"247",6037128802,1
"248",6037128910,1
"249",6037131010,0
"250",6037131020,0
"251",6037131100,0
"252",6037131200,0
"253",6037131300,0
"254",6037131400,0
"255",6037131600,1
"256",6037131701,1
"257",6037131702,0
"258",6037131800,0
"259",6037131900,0
"260",6037132001,0
"261",6037132002,0
"262",6037132101,0
"263",6037132102,0
"264",6037132300,0
"265",6037132501,0
"266",6037132502,0
"267",6037132700,0
"268",6037132900,0
"269",6037133000,0
"270",6037133100,0
"271",6037134001,0
"272",6037134002,0
"273",6037134101,0
"274",6037134103,0
"275",6037134104,0
"276",6037134201,0
"277",6037134302,0
"278",6037134303,1
"279",6037134304,0
"280",6037134305,0
"281",6037134306,0
"282",6037134421,0
"283",6037134422,0
"284",6037134423,0
"285",6037134424,0
"286",6037134520,0
"287",6037134521,0
"288",6037134522,0
"289",6037134710,0
"290",6037134720,0
"291",6037134800,0
"292",6037134901,0
"293",6037134903,1
"294",6037134904,0
"295",6037134905,1
"296",6037135102,0
"297",6037135111,0
"298",6037135113,0
"299",6037135114,0
"300",6037135201,1
"301",6037135202,0
"302",6037135203,0
"303",6037137103,0
"304",6037137104,0
"305",6037137201,1
"306",6037137301,0
"307",6037137302,0
"308",6037137401,0
"309",6037137402,0
"310",6037137501,0
"311",6037137502,0
"312",6037137504,0
"313",6037138000,1
"314",6037139001,0
"315",6037139200,0
"316",6037139301,0
"317",6037139302,0
"318",6037139303,0
"319",6037139401,0
"320",6037139402,0
"321",6037139502,0
"322",6037139503,0
"323",6037139504,1
"324",6037139600,1
"325",6037139701,1
"326",6037139702,0
"327",6037139703,0
"328",6037139801,0
"329",6037139802,0
"330",6037141101,0
"331",6037141102,1
"332",6037141201,0
"333",6037141202,1
"334",6037141302,1
"335",6037141303,0
"336",6037141304,1
"337",6037141400,1
"338",6037141500,0
"339",6037141600,0
"340",6037141700,0
"341",6037143100,0
"342",6037143200,0
"343",6037143300,0
"344",6037143400,1
"345",6037143500,1
"346",6037143602,1
"347",6037143603,1
"348",6037143604,1
"349",6037143700,0
"350",6037143800,0
"351",6037143901,0
"352",6037143902,0
"353",6037181000,0
"354",6037181300,1
"355",6037181400,1
"356",6037181500,1
"357",6037181600,0
"358",6037183101,1
"359",6037183103,1
"360",6037183104,1
"361",6037183220,1
"362",6037183221,1
"363",6037183222,0
"364",6037183300,1
"365",6037183401,1
"366",6037183402,1
"367",6037183510,0
"368",6037183520,0
"369",6037183610,0
"370",6037183620,0
"371",6037183701,0
"372",6037183702,1
"373",6037183810,0
"374",6037183820,1
"375",6037185100,1
"376",6037185202,0
"377",6037185203,0
"378",6037185204,1
"379",6037185310,0
"380",6037185320,1
"381",6037186100,1
"382",6037186201,0
"383",6037186202,1
"384",6037186203,1
"385",6037186301,0
"386",6037186302,1
"387",6037186401,0
"388",6037186403,1
"389",6037186404,1
"390",6037187101,1
"391",6037187102,0
"392",6037187200,0
"393",6037187300,1
"394",6037188100,0
"395",6037188201,0
"396",6037188202,1
"397",6037188300,0
"398",6037189101,1
"399",6037189102,1
"400",6037189201,0
"401",6037189202,1
"402",6037189300,0
"403",6037189400,0
"404",6037189500,1
"405",6037189600,0
"406",6037189701,0
"407",6037189702,1
"408",6037189800,0
"409",6037189902,1
"410",6037189903,1
"411",6037189904,0
"412",6037189905,0
"413",6037190100,0
"414",6037190201,0
"415",6037190202,0
"416",6037190301,0
"417",6037190401,0
"418",6037190402,0
"419",6037190510,0
"420",6037190520,0
"421",6037190700,0
"422",6037190801,0
"423",6037190802,0
"424",6037190901,0
"425",6037190902,0
"426",6037191000,0
"427",6037191110,0
"428",6037191120,0
"429",6037191201,0
"430",6037191203,0
"431",6037191204,0
"432",6037191301,1
"433",6037191302,1
"434",6037191410,0
"435",6037191420,0
"436",6037191500,0
"437",6037191610,0
"438",6037191620,0
"439",6037191710,0
"440",6037191720,0
"441",6037191810,0
"442",6037191820,0
"443",6037191901,1
"444",6037191902,1
"445",6037192001,0
"446",6037192002,1
"447",6037192300,0
"448",6037192410,0
"449",6037192420,0
"450",6037192510,0
"451",6037192520,0
"452",6037192610,0
"453",6037192620,0
"454",6037192700,0
"455",6037194101,0
"456",6037194102,0
"457",6037194200,0
"458",6037194300,0
"459",6037194401,1
"460",6037194402,1
"461",6037194500,1
"462",6037195100,0
"463",6037195201,0
"464",6037195202,1
"465",6037195300,1
"466",6037195400,1
"467",6037195500,1
"468",6037195600,1
"469",6037195710,0
"470",6037195720,0
"471",6037195802,0
"472",6037195803,1
"473",6037195804,1
"474",6037195901,0
"475",6037195902,1
"476",6037195903,0
"477",6037197200,0
"478",6037197300,1
"479",6037197410,0
"480",6037197420,0
"481",6037197500,0
"482",6037197600,1
"483",6037197700,0
"484",6037199000,0
"485",6037199110,0
"486",6037199120,0
"487",6037199201,0
"488",6037199202,0
"489",6037199300,0
"490",6037199400,0
"491",6037199700,0
"492",6037199800,0
"493",6037199900,0
"494",6037201110,0
"495",6037201120,1
"496",6037201200,0
"497",6037201301,0
"498",6037201302,1
"499",6037201401,0
"500",6037201402,0
"501",6037201501,0
"502",6037201503,0
"503",6037201504,0
"504",6037201601,0
"505",6037201602,0
"506",6037201700,0
"507",6037203100,0
"508",6037203200,0
"509",6037203300,0
"510",6037203500,1
"511",6037203600,0
"512",6037203710,0
"513",6037203720,0
"514",6037203800,0
"515",6037203900,0
"516",6037204110,0
"517",6037204120,1
"518",6037204200,0
"519",6037204300,0
"520",6037204410,0
"521",6037204420,0
"522",6037204600,0
"523",6037204700,0
"524",6037204810,0
"525",6037204820,0
"526",6037204910,0
"527",6037204920,0
"528",6037205110,0
"529",6037205120,0
"530",6037206010,0
"531",6037206020,0
"532",6037206031,1
"533",6037206032,0
"534",6037206050,0
"535",6037206200,0
"536",6037206300,0
"537",6037207101,0
"538",6037207102,0
"539",6037207103,0
"540",6037207301,0
"541",6037207302,1
"542",6037207400,0
"543",6037207501,0
"544",6037207502,0
"545",6037207710,0
"546",6037207900,0
"547",6037208000,0
"548",6037208301,0
"549",6037208302,0
"550",6037208401,0
"551",6037208402,1
"552",6037208501,0
"553",6037208502,0
"554",6037208610,1
"555",6037208620,0
"556",6037208710,0
"557",6037208720,0
"558",6037208801,0
"559",6037208802,0
"560",6037208902,0
"561",6037208903,0
"562",6037208904,0
"563",6037209102,0
"564",6037209103,0
"565",6037209104,0
"566",6037209200,0
"567",6037209300,0
"568",6037209401,0
"569",6037209402,0
"570",6037209403,0
"571",6037209510,0
"572",6037209520,0
"573",6037209810,0
"574",6037209820,0
"575",6037210010,0
"576",6037211000,1
"577",6037211120,1
"578",6037211121,1
"579",6037211122,0
"580",6037211201,0
"581",6037211202,0
"582",6037211310,0
"583",6037211320,0
"584",6037211410,0
"585",6037211420,0
"586",6037211500,0
"587",6037211701,1
"588",6037211703,0
"589",6037211704,0
"590",6037211802,0
"591",6037211803,0
"592",6037211804,0
"593",6037211910,0
"594",6037211921,0
"595",6037211922,1
"596",6037212101,0
"597",6037212102,0
"598",6037212202,0
"599",6037212203,0
"600",6037212204,0
"601",6037212303,0
"602",6037212304,0
"603",6037212305,0
"604",6037212306,0
"605",6037212410,0
"606",6037212420,0
"607",6037212501,0
"608",6037212502,1
"609",6037212610,0
"610",6037212620,0
"611",6037212701,0
"612",6037212702,1
"613",6037212800,0
"614",6037212900,0
"615",6037213100,0
"616",6037213201,0
"617",6037213202,0
"618",6037213310,0
"619",6037213320,0
"620",6037213401,0
"621",6037213402,1
"622",6037214000,0
"623",6037214100,0
"624",6037214400,1
"625",6037214501,0
"626",6037214502,0
"627",6037214503,1
"628",6037214600,1
"629",6037214700,0
"630",6037214800,1
"631",6037214901,1
"632",6037214902,0
"633",6037215101,1
"634",6037215102,1
"635",6037216100,1
"636",6037216200,1
"637",6037216300,0
"638",6037216401,0
"639",6037216402,0
"640",6037216700,0
"641",6037216800,1
"642",6037216900,0
"643",6037217001,1
"644",6037217002,0
"645",6037217100,0
"646",6037217200,0
"647",6037218110,0
"648",6037218120,0
"649",6037218210,0
"650",6037218220,0
"651",6037218300,0
"652",6037218400,0
"653",6037218500,0
"654",6037218600,0
"655",6037218701,0
"656",6037218702,0
"657",6037218800,1
"658",6037218900,0
"659",6037219010,0
"660",6037219020,0
"661",6037219300,0
"662",6037219500,0
"663",6037219700,0
"664",6037219800,0
"665",6037219901,0
"666",6037219902,0
"667",6037220000,0
"668",6037220100,0
"669",6037221110,0
"670",6037221120,0
"671",6037221210,0
"672",6037221220,0
"673",6037221302,0
"674",6037221303,0
"675",6037221304,0
"676",6037221401,0
"677",6037221402,0
"678",6037221500,0
"679",6037221601,0
"680",6037221602,0
"681",6037221710,0
"682",6037221810,0
"683",6037221820,0
"684",6037221900,0
"685",6037222001,0
"686",6037222002,0
"687",6037222100,0
"688",6037222200,0
"689",6037222500,0
"690",6037222600,0
"691",6037222700,0
"692",6037224010,0
"693",6037224020,0
"694",6037224200,0
"695",6037224310,0
"696",6037224320,0
"697",6037224410,0
"698",6037224420,0
"699",6037224600,0
"700",6037224700,0
"701",6037226001,0
"702",6037226002,0
"703",6037226410,0
"704",6037226420,0
"705",6037226700,0
"706",6037227010,0
"707",6037227020,0
"708",6037228100,0
"709",6037228210,0
"710",6037228220,0
"711",6037228310,0
"712",6037228320,0
"713",6037228410,0
"714",6037228420,0
"715",6037228500,0
"716",6037228600,0
"717",6037228710,0
"718",6037228720,0
"719",6037228800,0
"720",6037228900,0
"721",6037229100,0
"722",6037229200,0
"723",6037229300,0
"724",6037229410,0
"725",6037229420,0
"726",6037231100,0
"727",6037231210,0
"728",6037231220,0
"729",6037231300,0
"730",6037231400,0
"731",6037231500,0
"732",6037231600,1
"733",6037231710,0
"734",6037231720,0
"735",6037231800,0
"736",6037231900,0
"737",6037232110,0
"738",6037232120,0
"739",6037232200,0
"740",6037232300,0
"741",6037232400,0
"742",6037232500,0
"743",6037232600,0
"744",6037232700,0
"745",6037232800,0
"746",6037234000,0
"747",6037234200,0
"748",6037234300,0
"749",6037234501,0
"750",6037234502,0
"751",6037234600,0
"752",6037234700,0
"753",6037234800,0
"754",6037234901,0
"755",6037234902,0
"756",6037235100,1
"757",6037235201,0
"758",6037235202,0
"759",6037236000,0
"760",6037236100,0
"761",6037236202,0
"762",6037236203,0
"763",6037236204,0
"764",6037236400,0
"765",6037237101,0
"766",6037237102,0
"767",6037237201,0
"768",6037237202,0
"769",6037237300,0
"770",6037237401,0
"771",6037237402,0
"772",6037237500,0
"773",6037237600,0
"774",6037237710,0
"775",6037237720,0
"776",6037237800,0
"777",6037237900,0
"778",6037238000,0
"779",6037238100,0
"780",6037238200,0
"781",6037238310,0
"782",6037238320,0
"783",6037238400,0
"784",6037239201,0
"785",6037239202,0
"786",6037239310,0
"787",6037239320,0
"788",6037239330,0
"789",6037239501,0
"790",6037239502,0
"791",6037239601,0
"792",6037239602,0
"793",6037239701,0
"794",6037239702,0
"795",6037239801,0
"796",6037239802,0
"797",6037240010,0
"798",6037240020,0
"799",6037240200,0
"800",6037240300,0
"801",6037240401,0
"802",6037240402,0
"803",6037240500,0
"804",6037240600,0
"805",6037240700,0
"806",6037240800,0
"807",6037240900,0
"808",6037241001,0
"809",6037241002,0
"810",6037241110,0
"811",6037241120,0
"812",6037241201,0
"813",6037241202,0
"814",6037241300,0
"815",6037241400,0
"816",6037242000,0
"817",6037242100,0
"818",6037242200,0
"819",6037242300,0
"820",6037242600,0
"821",6037242700,0
"822",6037243000,0
"823",6037243100,0
"824",6037261101,0
"825",6037261102,0
"826",6037261200,0
"827",6037262100,0
"828",6037262200,0
"829",6037262301,0
"830",6037262302,1
"831",6037262303,0
"832",6037262400,0
"833",6037262501,0
"834",6037262601,0
"835",6037262604,0
"836",6037262704,0
"837",6037262706,0
"838",6037262802,0
"839",6037264000,0
"840",6037264102,0
"841",6037264103,0
"842",6037264301,1
"843",6037264302,0
"844",6037265100,0
"845",6037265201,0
"846",6037265202,1
"847",6037265301,0
"848",6037265303,0
"849",6037265304,0
"850",6037265305,0
"851",6037265410,0
"852",6037265420,0
"853",6037265510,0
"854",6037265520,1
"855",6037265601,0
"856",6037265602,1
"857",6037265700,1
"858",6037267100,0
"859",6037267200,0
"860",6037267300,0
"861",6037267402,1
"862",6037267403,0
"863",6037267404,1
"864",6037267501,0
"865",6037267502,1
"866",6037267600,1
"867",6037267700,1
"868",6037267800,0
"869",6037267901,1
"870",6037267902,0
"871",6037269000,1
"872",6037269100,0
"873",6037269300,1
"874",6037269500,0
"875",6037269601,0
"876",6037269602,1
"877",6037269700,1
"878",6037269800,1
"879",6037269903,0
"880",6037269904,0
"881",6037269905,0
"882",6037269906,1
"883",6037269907,0
"884",6037270100,0
"885",6037270200,1
"886",6037270300,1
"887",6037271100,1
"888",6037271200,0
"889",6037271300,1
"890",6037271400,0
"891",6037271500,1
"892",6037271600,0
"893",6037271701,1
"894",6037271702,0
"895",6037271801,0
"896",6037271802,1
"897",6037271901,1
"898",6037271902,0
"899",6037272100,0
"900",6037272201,0
"901",6037272202,0
"902",6037272301,1
"903",6037272302,0
"904",6037273100,1
"905",6037273200,1
"906",6037273300,1
"907",6037273402,0
"908",6037273502,0
"909",6037273600,0
"910",6037273700,1
"911",6037273800,0
"912",6037273902,0
"913",6037274100,1
"914",6037274202,1
"915",6037275101,1
"916",6037275102,0
"917",6037275200,1
"918",6037275302,1
"919",6037275311,0
"920",6037275400,0
"921",6037275500,0
"922",6037275602,1
"923",6037275603,0
"924",6037276000,0
"925",6037276100,1
"926",6037276400,1
"927",6037276500,0
"928",6037276601,1
"929",6037276603,1
"930",6037276604,0
"931",6037277000,1
"932",6037277100,1
"933",6037277200,1
"934",6037277400,0
"935",6037278001,1
"936",6037278102,0
"937",6037291110,0
"938",6037291120,0
"939",6037291130,0
"940",6037291210,0
"941",6037291220,0
"942",6037291300,0
"943",6037292000,0
"944",6037293201,1
"945",6037293202,0
"946",6037293301,0
"947",6037293302,1
"948",6037293304,0
"949",6037293306,0
"950",6037293307,0
"951",6037294110,0
"952",6037294120,0
"953",6037294200,0
"954",6037294301,0
"955",6037294302,0
"956",6037294410,0
"957",6037294421,0
"958",6037294510,0
"959",6037294520,0
"960",6037294610,0
"961",6037294620,0
"962",6037294701,0
"963",6037294810,0
"964",6037294820,0
"965",6037294830,0
"966",6037294900,0
"967",6037295103,0
"968",6037296210,0
"969",6037296220,0
"970",6037296300,0
"971",6037296401,1
"972",6037296402,0
"973",6037296500,0
"974",6037296600,0
"975",6037296901,0
"976",6037296902,0
"977",6037297000,0
"978",6037297110,0
"979",6037297120,0
"980",6037297201,0
"981",6037297202,0
"982",6037297300,0
"983",6037297400,1
"984",6037297500,1
"985",6037297601,0
"986",6037297602,1
"987",6037300100,0
"988",6037300200,1
"989",6037300301,1
"990",6037300400,1
"991",6037300501,0
"992",6037300502,1
"993",6037300600,1
"994",6037300701,1
"995",6037300702,1
"996",6037300800,0
"997",6037300901,0
"998",6037300902,0
"999",6037301000,0
"1000",6037301100,0
"1001",6037301203,0
"1002",6037301204,1
"1003",6037301205,1
"1004",6037301206,0
"1005",6037301300,0
"1006",6037301400,0
"1007",6037301501,0
"1008",6037301502,1
"1009",6037301601,0
"1010",6037301602,0
"1011",6037301701,1
"1012",6037301702,1
"1013",6037301801,0
"1014",6037301802,0
"1015",6037301900,1
"1016",6037302002,0
"1017",6037302003,0
"1018",6037302004,0
"1019",6037302102,0
"1020",6037302103,0
"1021",6037302104,0
"1022",6037302201,0
"1023",6037302202,0
"1024",6037302301,0
"1025",6037302302,0
"1026",6037302401,0
"1027",6037302503,0
"1028",6037302504,0
"1029",6037302505,0
"1030",6037302506,1
"1031",6037310100,0
"1032",6037310201,0
"1033",6037310202,0
"1034",6037310300,0
"1035",6037310400,1
"1036",6037310501,0
"1037",6037310601,0
"1038",6037310602,1
"1039",6037310701,1
"1040",6037310702,0
"1041",6037310703,1
"1042",6037310800,0
"1043",6037310900,1
"1044",6037311000,0
"1045",6037311100,0
"1046",6037311200,0
"1047",6037311300,0
"1048",6037311400,0
"1049",6037311500,0
"1050",6037311600,1
"1051",6037311700,1
"1052",6037311801,1
"1053",6037311802,0
"1054",6037320000,0
"1055",6037320100,0
"1056",6037320201,0
"1057",6037320202,0
"1058",6037320300,0
"1059",6037400204,0
"1060",6037400205,0
"1061",6037400206,0
"1062",6037400207,0
"1063",6037400302,0
"1064",6037400304,0
"1065",6037400402,1
"1066",6037400403,0
"1067",6037400404,0
"1068",6037400501,0
"1069",6037400602,1
"1070",6037400603,0
"1071",6037400604,0
"1072",6037400800,0
"1073",6037400900,0
"1074",6037401001,0
"1075",6037401002,0
"1076",6037401101,0
"1077",6037401102,0
"1078",6037401201,1
"1079",6037401202,0
"1080",6037401203,0
"1081",6037401303,0
"1082",6037401304,0
"1083",6037401311,1
"1084",6037401312,0
"1085",6037401500,0
"1086",6037401601,1
"1087",6037401602,0
"1088",6037401603,0
"1089",6037401701,0
"1090",6037401703,0
"1091",6037401704,0
"1092",6037401800,0
"1093",6037401901,0
"1094",6037401902,1
"1095",6037402001,0
"1096",6037402002,1
"1097",6037402101,0
"1098",6037402102,0
"1099",6037402200,0
"1100",6037402301,0
"1101",6037402303,0
"1102",6037402304,0
"1103",6037402402,0
"1104",6037402403,0
"1105",6037402404,0
"1106",6037402405,0
"1107",6037402406,0
"1108",6037402501,0
"1109",6037402502,0
"1110",6037402600,0
"1111",6037402702,0
"1112",6037402703,0
"1113",6037402705,0
"1114",6037402706,0
"1115",6037402801,0
"1116",6037402803,0
"1117",6037402804,0
"1118",6037402902,0
"1119",6037402903,0
"1120",6037402904,0
"1121",6037403000,0
"1122",6037403200,0
"1123",6037403303,0
"1124",6037403304,1
"1125",6037403305,0
"1126",6037403312,0
"1127",6037403316,1
"1128",6037403317,0
"1129",6037403318,0
"1130",6037403319,0
"1131",6037403320,1
"1132",6037403321,0
"1133",6037403322,0
"1134",6037403323,0
"1135",6037403324,1
"1136",6037403325,0
"1137",6037403401,0
"1138",6037403402,0
"1139",6037403403,0
"1140",6037403404,0
"1141",6037403405,0
"1142",6037403406,0
"1143",6037403407,0
"1144",6037403408,1
"1145",6037403500,0
"1146",6037403600,0
"1147",6037403702,0
"1148",6037403703,0
"1149",6037403721,0
"1150",6037403722,0
"1151",6037403801,0
"1152",6037403802,0
"1153",6037403901,1
"1154",6037403902,0
"1155",6037404000,0
"1156",6037404100,0
"1157",6037404201,0
"1158",6037404202,0
"1159",6037404301,0
"1160",6037404302,0
"1161",6037404401,0
"1162",6037404402,0
"1163",6037404501,0
"1164",6037404503,1
"1165",6037404504,0
"1166",6037404600,0
"1167",6037404701,0
"1168",6037404702,0
"1169",6037404703,0
"1170",6037404801,0
"1171",6037404802,0
"1172",6037404803,0
"1173",6037404901,0
"1174",6037404902,1
"1175",6037404903,0
"1176",6037405001,0
"1177",6037405002,0
"1178",6037405101,0
"1179",6037405102,0
"1180",6037405201,0
"1181",6037405202,0
"1182",6037405203,0
"1183",6037405301,0
"1184",6037405302,1
"1185",6037405400,0
"1186",6037405500,0
"1187",6037405600,0
"1188",6037405701,0
"1189",6037405702,1
"1190",6037405800,0
"1191",6037405900,0
"1192",6037406000,0
"1193",6037406101,0
"1194",6037406102,0
"1195",6037406200,0
"1196",6037406300,0
"1197",6037406402,0
"1198",6037406411,0
"1199",6037406412,0
"1200",6037406500,0
"1201",6037406601,0
"1202",6037406602,0
"1203",6037406701,0
"1204",6037406702,0
"1205",6037406800,1
"1206",6037406901,0
"1207",6037406902,1
"1208",6037407001,0
"1209",6037407002,0
"1210",6037407101,0
"1211",6037407102,0
"1212",6037407200,0
"1213",6037407301,0
"1214",6037407302,0
"1215",6037407400,1
"1216",6037407501,1
"1217",6037407502,0
"1218",6037407601,0
"1219",6037407602,0
"1220",6037407701,0
"1221",6037407702,0
"1222",6037407801,0
"1223",6037407802,0
"1224",6037407900,0
"1225",6037408003,0
"1226",6037408004,1
"1227",6037408005,1
"1228",6037408006,0
"1229",6037408133,0
"1230",6037408134,0
"1231",6037408135,1
"1232",6037408136,0
"1233",6037408137,0
"1234",6037408138,0
"1235",6037408139,0
"1236",6037408140,0
"1237",6037408141,0
"1238",6037408202,0
"1239",6037408211,0
"1240",6037408212,0
"1241",6037408301,0
"1242",6037408302,1
"1243",6037408303,0
"1244",6037408401,0
"1245",6037408402,0
"1246",6037408501,0
"1247",6037408503,0
"1248",6037408504,0
"1249",6037408505,1
"1250",6037408623,0
"1251",6037408624,1
"1252",6037408625,1
"1253",6037408626,1
"1254",6037408627,0
"1255",6037408628,0
"1256",6037408629,0
"1257",6037408630,0
"1258",6037408631,0
"1259",6037408703,0
"1260",6037408704,0
"1261",6037408705,0
"1262",6037408706,0
"1263",6037408722,1
"1264",6037408723,0
"1265",6037408724,0
"1266",6037408800,0
"1267",6037430002,0
"1268",6037430003,0
"1269",6037430101,0
"1270",6037430102,0
"1271",6037430200,0
"1272",6037430301,0
"1273",6037430302,1
"1274",6037430400,1
"1275",6037430501,0
"1276",6037430502,1
"1277",6037430600,0
"1278",6037430701,0
"1279",6037430721,0
"1280",6037430723,0
"1281",6037430724,0
"1282",6037430801,1
"1283",6037430802,1
"1284",6037430803,0
"1285",6037430901,1
"1286",6037430902,1
"1287",6037431001,1
"1288",6037431002,0
"1289",6037431100,0
"1290",6037431200,0
"1291",6037431300,1
"1292",6037431400,1
"1293",6037431501,1
"1294",6037431502,1
"1295",6037431600,0
"1296",6037431700,0
"1297",6037431800,1
"1298",6037431900,1
"1299",6037432000,1
"1300",6037432101,1
"1301",6037432102,1
"1302",6037432201,0
"1303",6037432202,0
"1304",6037432300,0
"1305",6037432401,0
"1306",6037432402,0
"1307",6037432500,0
"1308",6037432601,1
"1309",6037432602,0
"1310",6037432700,0
"1311",6037432801,0
"1312",6037432802,0
"1313",6037432901,0
"1314",6037432902,1
"1315",6037433101,1
"1316",6037433102,0
"1317",6037433200,0
"1318",6037433302,0
"1319",6037433304,1
"1320",6037433305,0
"1321",6037433306,0
"1322",6037433307,1
"1323",6037433401,0
"1324",6037433402,0
"1325",6037433403,0
"1326",6037433501,0
"1327",6037433503,1
"1328",6037433504,0
"1329",6037433601,0
"1330",6037433602,0
"1331",6037433700,0
"1332",6037433801,0
"1333",6037433802,0
"1334",6037433901,0
"1335",6037433902,0
"1336",6037434001,0
"1337",6037434003,0
"1338",6037434004,1
"1339",6037460000,0
"1340",6037460100,0
"1341",6037460200,0
"1342",6037460301,1
"1343",6037460302,1
"1344",6037460401,1
"1345",6037460501,0
"1346",6037460502,0
"1347",6037460600,0
"1348",6037460700,0
"1349",6037460800,0
"1350",6037460900,1
"1351",6037461000,0
"1352",6037461100,0
"1353",6037461200,1
"1354",6037461300,1
"1355",6037461400,0
"1356",6037461501,1
"1357",6037461502,0
"1358",6037461600,0
"1359",6037461700,0
"1360",6037461901,0
"1361",6037461902,0
"1362",6037462001,1
"1363",6037462002,0
"1364",6037462100,0
"1365",6037462201,0
"1366",6037462202,1
"1367",6037462301,0
"1368",6037462302,1
"1369",6037462400,0
"1370",6037462500,0
"1371",6037462600,1
"1372",6037462700,0
"1373",6037462800,1
"1374",6037462900,1
"1375",6037463000,0
"1376",6037463101,0
"1377",6037463102,0
"1378",6037463200,0
"1379",6037463300,0
"1380",6037463400,1
"1381",6037463500,0
"1382",6037463601,1
"1383",6037463602,0
"1384",6037463700,1
"1385",6037463800,0
"1386",6037463900,0
"1387",6037464000,0
"1388",6037464100,0
"1389",6037464200,0
"1390",6037480002,1
"1391",6037480011,1
"1392",6037480012,0
"1393",6037480101,0
"1394",6037480102,1
"1395",6037480201,0
"1396",6037480202,1
"1397",6037480302,0
"1398",6037480303,1
"1399",6037480304,0
"1400",6037480400,1
"1401",6037480500,1
"1402",6037480600,0
"1403",6037480702,1
"1404",6037480703,1
"1405",6037480704,1
"1406",6037480802,0
"1407",6037480803,1
"1408",6037480804,0
"1409",6037480901,1
"1410",6037480902,0
"1411",6037480903,1
"1412",6037481001,0
"1413",6037481002,1
"1414",6037481101,1
"1415",6037481102,1
"1416",6037481103,1
"1417",6037481201,0
"1418",6037481202,1
"1419",6037481300,0
"1420",6037481401,0
"1421",6037481402,0
"1422",6037481500,0
"1423",6037481603,0
"1424",6037481604,0
"1425",6037481605,0
"1426",6037481606,0
"1427",6037481711,0
"1428",6037481712,0
"1429",6037481713,0
"1430",6037481714,0
"1431",6037481800,0
"1432",6037481901,1
"1433",6037481902,0
"1434",6037482001,0
"1435",6037482002,0
"1436",6037482101,0
"1437",6037482102,0
"1438",6037482201,1
"1439",6037482202,1
"1440",6037482301,0
"1441",6037482303,1
"1442",6037482304,0
"1443",6037482401,0
"1444",6037482402,0
"1445",6037482502,0
"1446",6037482503,0
"1447",6037482521,0
"1448",6037482522,0
"1449",6037482600,0
"1450",6037482701,0
"1451",6037482702,0
"1452",6037482800,0
"1453",6037500100,0
"1454",6037500201,0
"1455",6037500202,0
"1456",6037500300,0
"1457",6037500402,0
"1458",6037500403,0
"1459",6037500404,0
"1460",6037500500,0
"1461",6037500600,0
"1462",6037500700,1
"1463",6037500800,0
"1464",6037500900,0
"1465",6037501001,0
"1466",6037501002,0
"1467",6037501200,0
"1468",6037501300,0
"1469",6037501400,0
"1470",6037501501,0
"1471",6037501503,0
"1472",6037501504,0
"1473",6037501600,0
"1474",6037501700,0
"1475",6037501802,0
"1476",6037501803,0
"1477",6037501804,0
"1478",6037501900,1
"1479",6037502003,0
"1480",6037502004,0
"1481",6037502005,0
"1482",6037502100,0
"1483",6037502200,0
"1484",6037502301,0
"1485",6037502302,0
"1486",6037502401,0
"1487",6037502402,0
"1488",6037502500,1
"1489",6037502601,0
"1490",6037502602,1
"1491",6037502700,0
"1492",6037502801,1
"1493",6037502802,0
"1494",6037502901,1
"1495",6037502902,0
"1496",6037503000,0
"1497",6037503103,0
"1498",6037503104,0
"1499",6037503105,0
"1500",6037503106,0
"1501",6037503201,0
"1502",6037503202,1
"1503",6037503301,0
"1504",6037503302,0
"1505",6037503401,0
"1506",6037503402,1
"1507",6037503501,0
"1508",6037503502,0
"1509",6037503601,0
"1510",6037503602,0
"1511",6037503701,0
"1512",6037503702,0
"1513",6037503703,0
"1514",6037503801,0
"1515",6037503802,0
"1516",6037503901,0
"1517",6037503902,0
"1518",6037504001,0
"1519",6037504002,0
"1520",6037504101,0
"1521",6037504102,0
"1522",6037530003,0
"1523",6037530004,0
"1524",6037530005,0
"1525",6037530006,0
"1526",6037530101,0
"1527",6037530102,0
"1528",6037530202,0
"1529",6037530203,0
"1530",6037530204,1
"1531",6037530301,1
"1532",6037530302,0
"1533",6037530400,0
"1534",6037530500,0
"1535",6037530601,0
"1536",6037530602,0
"1537",6037530700,0
"1538",6037530801,0
"1539",6037530802,1
"1540",6037530901,0
"1541",6037530902,0
"1542",6037531000,0
"1543",6037531101,0
"1544",6037531102,0
"1545",6037531201,0
"1546",6037531202,0
"1547",6037531301,0
"1548",6037531302,0
"1549",6037531502,0
"1550",6037531503,0
"1551",6037531504,0
"1552",6037531602,0
"1553",6037531603,0
"1554",6037531604,0
"1555",6037531701,0
"1556",6037531702,0
"1557",6037531800,0
"1558",6037531901,0
"1559",6037531902,0
"1560",6037532001,0
"1561",6037532002,0
"1562",6037532101,0
"1563",6037532102,0
"1564",6037532200,0
"1565",6037532302,0
"1566",6037532303,0
"1567",6037532304,0
"1568",6037532400,0
"1569",6037532500,0
"1570",6037532603,0
"1571",6037532604,0
"1572",6037532605,0
"1573",6037532606,0
"1574",6037532700,0
"1575",6037532800,0
"1576",6037532900,0
"1577",6037533001,0
"1578",6037533002,0
"1579",6037533103,0
"1580",6037533104,0
"1581",6037533105,0
"1582",6037533106,0
"1583",6037533107,0
"1584",6037533201,0
"1585",6037533202,0
"1586",6037533203,0
"1587",6037533300,0
"1588",6037533401,0
"1589",6037533402,0
"1590",6037533403,0
"1591",6037533501,0
"1592",6037533502,0
"1593",6037533503,0
"1594",6037533601,0
"1595",6037533602,0
"1596",6037533603,0
"1597",6037533701,0
"1598",6037533702,0
"1599",6037533703,0
"1600",6037533803,0
"1601",6037533804,0
"1602",6037533805,0
"1603",6037533806,0
"1604",6037533901,0
"1605",6037533902,0
"1606",6037534001,0
"1607",6037534002,0
"1608",6037534101,0
"1609",6037534102,0
"1610",6037534201,0
"1611",6037534202,0
"1612",6037534203,0
"1613",6037534301,0
"1614",6037534302,0
"1615",6037534403,0
"1616",6037534404,0
"1617",6037534405,0
"1618",6037534406,0
"1619",6037534501,0
"1620",6037534502,0
"1621",6037534700,0
"1622",6037534802,0
"1623",6037534803,0
"1624",6037534804,0
"1625",6037534900,0
"1626",6037535001,0
"1627",6037535002,0
"1628",6037535101,0
"1629",6037535102,0
"1630",6037535200,0
"1631",6037535300,0
"1632",6037535400,0
"1633",6037535501,0
"1634",6037535502,0
"1635",6037535503,0
"1636",6037535603,0
"1637",6037535604,0
"1638",6037535605,0
"1639",6037535606,0
"1640",6037535607,0
"1641",6037535701,0
"1642",6037535702,0
"1643",6037535802,0
"1644",6037535803,0
"1645",6037535804,0
"1646",6037535901,0
"1647",6037535902,0
"1648",6037536000,0
"1649",6037536102,0
"1650",6037536103,0
"1651",6037536104,1
"1652",6037536200,0
"1653",6037540000,0
"1654",6037540101,0
"1655",6037540102,0
"1656",6037540201,0
"1657",6037540202,0
"1658",6037540203,0
"1659",6037540300,0
"1660",6037540400,0
"1661",6037540501,0
"1662",6037540502,0
"1663",6037540600,0
"1664",6037540700,1
"1665",6037540800,0
"1666",6037540901,0
"1667",6037540902,0
"1668",6037541001,0
"1669",6037541002,0
"1670",6037541100,0
"1671",6037541200,0
"1672",6037541300,0
"1673",6037541400,0
"1674",6037541500,0
"1675",6037541603,0
"1676",6037541604,0
"1677",6037541605,0
"1678",6037541606,0
"1679",6037541700,0
"1680",6037541801,0
"1681",6037541802,0
"1682",6037542000,0
"1683",6037542103,0
"1684",6037542104,0
"1685",6037542105,0
"1686",6037542106,0
"1687",6037542200,0
"1688",6037542401,0
"1689",6037542402,0
"1690",6037542501,0
"1691",6037542502,0
"1692",6037542601,0
"1693",6037542602,0
"1694",6037542700,0
"1695",6037542800,0
"1696",6037542900,0
"1697",6037543000,0
"1698",6037543100,0
"1699",6037543201,0
"1700",6037543202,0
"1701",6037543304,1
"1702",6037543305,0
"1703",6037543306,0
"1704",6037543321,0
"1705",6037543322,0
"1706",6037543400,0
"1707",6037543501,0
"1708",6037543502,0
"1709",6037543503,1
"1710",6037543601,0
"1711",6037543602,0
"1712",6037543603,0
"1713",6037543604,1
"1714",6037543701,1
"1715",6037543702,1
"1716",6037543703,0
"1717",6037543801,1
"1718",6037543802,1
"1719",6037543903,0
"1720",6037543905,1
"1721",6037544001,0
"1722",6037544002,1
"1723",6037550000,0
"1724",6037550100,0
"1725",6037550201,0
"1726",6037550202,1
"1727",6037550300,1
"1728",6037550400,1
"1729",6037550500,0
"1730",6037550601,0
"1731",6037550602,1
"1732",6037550700,0
"1733",6037550800,0
"1734",6037550901,0
"1735",6037550902,0
"1736",6037551000,0
"1737",6037551101,0
"1738",6037551102,0
"1739",6037551201,0
"1740",6037551202,0
"1741",6037551300,0
"1742",6037551401,0
"1743",6037551402,0
"1744",6037551501,0
"1745",6037551502,0
"1746",6037551600,0
"1747",6037551700,0
"1748",6037551800,0
"1749",6037551900,0
"1750",6037552001,1
"1751",6037552002,0
"1752",6037552100,0
"1753",6037552200,0
"1754",6037552301,1
"1755",6037552302,0
"1756",6037552400,0
"1757",6037552601,1
"1758",6037552602,0
"1759",6037552700,0
"1760",6037552800,0
"1761",6037552900,1
"1762",6037553000,0
"1763",6037553100,1
"1764",6037553200,0
"1765",6037553300,0
"1766",6037553400,0
"1767",6037553502,0
"1768",6037553503,0
"1769",6037553504,0
"1770",6037553601,0
"1771",6037553602,0
"1772",6037553701,0
"1773",6037553702,0
"1774",6037553801,0
"1775",6037553802,0
"1776",6037553901,0
"1777",6037553902,0
"1778",6037554001,0
"1779",6037554002,0
"1780",6037554101,0
"1781",6037554103,0
"1782",6037554104,1
"1783",6037554105,0
"1784",6037554201,1
"1785",6037554203,1
"1786",6037554204,0
"1787",6037554301,0
"1788",6037554302,0
"1789",6037554403,0
"1790",6037554404,0
"1791",6037554405,0
"1792",6037554406,1
"1793",6037554511,1
"1794",6037554512,0
"1795",6037554513,1
"1796",6037554514,0
"1797",6037554515,0
"1798",6037554516,1
"1799",6037554517,1
"1800",6037554518,0
"1801",6037554519,1
"1802",6037554521,0
"1803",6037554522,1
"1804",6037554600,0
"1805",6037554700,0
"1806",6037554801,0
"1807",6037554802,0
"1808",6037554900,0
"1809",6037555001,1
"1810",6037555002,1
"1811",6037555102,1
"1812",6037555103,0
"1813",6037555104,1
"1814",6037555202,0
"1815",6037555211,0
"1816",6037555212,0
"1817",6037570001,1
"1818",6037570002,0
"1819",6037570003,0
"1820",6037570100,0
"1821",6037570202,0
"1822",6037570203,0
"1823",6037570204,0
"1824",6037570301,0
"1825",6037570303,0
"1826",6037570304,0
"1827",6037570402,0
"1828",6037570403,0
"1829",6037570404,0
"1830",6037570501,0
"1831",6037570502,0
"1832",6037570601,0
"1833",6037570602,1
"1834",6037570603,0
"1835",6037570701,1
"1836",6037570702,1
"1837",6037570800,1
"1838",6037570901,0
"1839",6037570902,1
"1840",6037571000,1
"1841",6037571101,0
"1842",6037571102,0
"1843",6037571200,0
"1844",6037571300,0
"1845",6037571400,1
"1846",6037571502,0
"1847",6037571503,1
"1848",6037571504,0
"1849",6037571600,0
"1850",6037571701,0
"1851",6037571703,0
"1852",6037571704,0
"1853",6037571800,0
"1854",6037571900,0
"1855",6037572001,0
"1856",6037572002,0
"1857",6037572100,0
"1858",6037572201,1
"1859",6037572202,1
"1860",6037572301,0
"1861",6037572302,1
"1862",6037572400,1
"1863",6037572500,0
"1864",6037572600,0
"1865",6037572700,0
"1866",6037572800,0
"1867",6037572900,0
"1868",6037573002,0
"1869",6037573003,1
"1870",6037573004,0
"1871",6037573100,0
"1872",6037573201,0
"1873",6037573202,0
"1874",6037573300,0
"1875",6037573401,0
"1876",6037573402,0
"1877",6037573403,1
"1878",6037573601,1
"1879",6037573700,1
"1880",6037573800,0
"1881",6037573902,0
"1882",6037574000,1
"1883",6037574100,1
"1884",6037574201,0
"1885",6037574202,0
"1886",6037574300,1
"1887",6037574400,1
"1888",6037574500,0
"1889",6037574601,0
"1890",6037574602,0
"1891",6037574700,0
"1892",6037574800,0
"1893",6037574901,1
"1894",6037574902,0
"1895",6037575001,1
"1896",6037575002,0
"1897",6037575101,0
"1898",6037575102,0
"1899",6037575103,0
"1900",6037575201,0
"1901",6037575202,0
"1902",6037575300,0
"1903",6037575401,0
"1904",6037575402,0
"1905",6037575500,0
"1906",6037575801,0
"1907",6037575802,0
"1908",6037575803,0
"1909",6037575901,0
"1910",6037575902,0
"1911",6037576001,1
"1912",6037576200,0
"1913",6037576301,0
"1914",6037576302,0
"1915",6037576401,0
"1916",6037576402,0
"1917",6037576403,0
"1918",6037576501,0
"1919",6037576502,0
"1920",6037576503,0
"1921",6037576601,0
"1922",6037576602,0
"1923",6037576700,0
"1924",6037576801,0
"1925",6037576802,1
"1926",6037576901,0
"1927",6037576903,0
"1928",6037576904,0
"1929",6037577000,0
"1930",6037577100,0
"1931",6037577200,0
"1932",6037577300,0
"1933",6037577400,0
"1934",6037577501,0
"1935",6037577504,0
"1936",6037577602,0
"1937",6037577603,0
"1938",6037577604,0
"1939",6037599000,0
"1940",6037599100,0
"1941",6037600100,0
"1942",6037600201,0
"1943",6037600202,0
"1944",6037600302,0
"1945",6037600303,0
"1946",6037600304,1
"1947",6037600400,0
"1948",6037600501,1
"1949",6037600502,0
"1950",6037600601,0
"1951",6037600602,0
"1952",6037600702,1
"1953",6037600703,0
"1954",6037600704,0
"1955",6037600801,0
"1956",6037600802,0
"1957",6037600902,0
"1958",6037600911,0
"1959",6037600912,0
"1960",6037601001,0
"1961",6037601002,0
"1962",6037601100,0
"1963",6037601202,0
"1964",6037601211,0
"1965",6037601212,0
"1966",6037601301,0
"1967",6037601302,0
"1968",6037601303,0
"1969",6037601401,0
"1970",6037601402,0
"1971",6037601501,0
"1972",6037601502,0
"1973",6037601600,0
"1974",6037601700,0
"1975",6037601801,0
"1976",6037601802,0
"1977",6037601900,0
"1978",6037602002,0
"1979",6037602003,0
"1980",6037602004,0
"1981",6037602103,0
"1982",6037602104,0
"1983",6037602105,0
"1984",6037602106,0
"1985",6037602200,1
"1986",6037602301,1
"1987",6037602302,0
"1988",6037602402,0
"1989",6037602403,1
"1990",6037602404,0
"1991",6037602504,0
"1992",6037602505,0
"1993",6037602506,0
"1994",6037602507,0
"1995",6037602508,0
"1996",6037602509,0
"1997",6037602600,0
"1998",6037602700,1
"1999",6037602801,0
"2000",6037602802,0
"2001",6037602900,0
"2002",6037603001,0
"2003",6037603004,0
"2004",6037603005,0
"2005",6037603006,0
"2006",6037603101,0
"2007",6037603102,0
"2008",6037603200,0
"2009",6037603301,0
"2010",6037603302,0
"2011",6037603400,0
"2012",6037603500,0
"2013",6037603600,1
"2014",6037603702,1
"2015",6037603703,1
"2016",6037603704,0
"2017",6037603801,0
"2018",6037603802,0
"2019",6037603900,0
"2020",6037604001,0
"2021",6037604002,1
"2022",6037604100,0
"2023",6037609900,0
"2024",6037620001,0
"2025",6037620002,0
"2026",6037620101,1
"2027",6037620102,1
"2028",6037620201,0
"2029",6037620301,0
"2030",6037620303,0
"2031",6037620305,0
"2032",6037620400,1
"2033",6037620501,1
"2034",6037620521,1
"2035",6037620522,1
"2036",6037620601,1
"2037",6037620602,1
"2038",6037620701,0
"2039",6037620702,1
"2040",6037620800,1
"2041",6037620901,0
"2042",6037620904,0
"2043",6037621001,0
"2044",6037621002,0
"2045",6037621004,0
"2046",6037621102,0
"2047",6037621104,0
"2048",6037621201,1
"2049",6037621204,0
"2050",6037621301,0
"2051",6037621324,0
"2052",6037621326,0
"2053",6037621400,0
"2054",6037650001,1
"2055",6037650003,0
"2056",6037650004,1
"2057",6037650101,0
"2058",6037650102,0
"2059",6037650200,1
"2060",6037650300,0
"2061",6037650401,0
"2062",6037650501,1
"2063",6037650502,1
"2064",6037650602,1
"2065",6037650603,0
"2066",6037650604,0
"2067",6037650605,1
"2068",6037650701,0
"2069",6037650702,1
"2070",6037650800,0
"2071",6037650901,0
"2072",6037650902,1
"2073",6037651001,1
"2074",6037651002,0
"2075",6037651101,1
"2076",6037651102,0
"2077",6037651201,0
"2078",6037651221,0
"2079",6037651222,0
"2080",6037651302,0
"2081",6037651304,0
"2082",6037651401,0
"2083",6037651402,0
"2084",6037670001,0
"2085",6037670002,0
"2086",6037670003,0
"2087",6037670100,0
"2088",6037670201,0
"2089",6037670202,0
"2090",6037670324,1
"2091",6037670326,0
"2092",6037670328,0
"2093",6037670403,0
"2094",6037670405,0
"2095",6037670406,0
"2096",6037670407,0
"2097",6037670411,0
"2098",6037670413,0
"2099",6037670416,0
"2100",6037670500,0
"2101",6037670602,0
"2102",6037670701,0
"2103",6037670702,0
"2104",6037700101,0
"2105",6037700102,0
"2106",6037700200,0
"2107",6037700300,0
"2108",6037700400,0
"2109",6037700501,1
"2110",6037700502,1
"2111",6037700600,0
"2112",6037700700,0
"2113",6037700801,0
"2114",6037700802,0
"2115",6037700901,1
"2116",6037700902,0
"2117",6037701000,0
"2118",6037701100,0
"2119",6037701201,0
"2120",6037701202,0
"2121",6037701302,1
"2122",6037701304,1
"2123",6037701402,1
"2124",6037701501,0
"2125",6037701502,1
"2126",6037701601,0
"2127",6037701602,0
"2128",6037701701,0
"2129",6037701702,1
"2130",6037701801,1
"2131",6037701802,1
"2132",6037701902,0
"2133",6037702002,1
"2134",6037702102,1
"2135",6037702201,1
"2136",6037702202,1
"2137",6037702300,0
"2138",6037702400,1
"2139",6037702501,1
"2140",6037702502,1
"2141",6037702600,1
"2142",6037702700,0
"2143",6037702801,1
"2144",6037702802,0
"2145",6037702803,0
"2146",6037702901,1
"2147",6037703001,1
"2148",6037703002,0
"2149",6037703100,0
"2150",6037703200,0
"2151",6037800101,0
"2152",6037800102,0
"2153",6037800202,1
"2154",6037800203,0
"2155",6037800204,1
"2156",6037800324,0
"2157",6037800325,0
"2158",6037800326,0
"2159",6037800327,1
"2160",6037800328,1
"2161",6037800329,1
"2162",6037800330,0
"2163",6037800331,0
"2164",6037800332,0
"2165",6037800406,0
"2166",6037800408,0
"2167",6037800410,0
"2168",6037800504,0
"2169",6037800506,0
"2170",6037900102,0
"2171",6037900103,0
"2172",6037900104,0
"2173",6037900201,0
"2174",6037900300,0
"2175",6037900501,0
"2176",6037900504,0
"2177",6037900505,0
"2178",6037900506,0
"2179",6037900507,0
"2180",6037900508,1
"2181",6037900602,0
"2182",6037900605,0
"2183",6037900606,0
"2184",6037900607,0
"2185",6037900608,0
"2186",6037900609,0
"2187",6037900701,0
"2188",6037900703,0
"2189",6037900704,0
"2190",6037900705,0
"2191",6037900803,0
"2192",6037900804,0
"2193",6037900805,0
"2194",6037900806,0
"2195",6037900900,0
"2196",6037901003,0
"2197",6037901004,0
"2198",6037901007,0
"2199",6037901008,0
"2200",6037901009,0
"2201",6037901010,0
"2202",6037901011,1
"2203",6037901101,0
"2204",6037901102,0
"2205",6037901205,0
"2206",6037901209,0
"2207",6037901210,0
"2208",6037901213,0
"2209",6037910001,0
"2210",6037910002,0
"2211",6037910101,0
"2212",6037910201,0
"2213",6037910202,0
"2214",6037910205,0
"2215",6037910206,0
"2216",6037910207,0
"2217",6037910208,0
"2218",6037910209,1
"2219",6037910210,0
"2220",6037910301,0
"2221",6037910302,0
"2222",6037910401,0
"2223",6037910402,0
"2224",6037910403,0
"2225",6037910404,0
"2226",6037910501,0
"2227",6037910502,0
"2228",6037910504,0
"2229",6037910505,0
"2230",6037910601,0
"2231",6037910602,0
"2232",6037910603,0
"2233",6037910605,0
"2234",6037910606,0
"2235",6037910705,0
"2236",6037910706,0
"2237",6037910707,0
"2238",6037910709,1
"2239",6037910711,0
"2240",6037910712,0
"2241",6037910713,0
"2242",6037910714,0
"2243",6037910715,0
"2244",6037910716,0
"2245",6037910804,1
"2246",6037910805,0
"2247",6037910807,0
"2248",6037910808,0
"2249",6037910809,0
"2250",6037910810,0
"2251",6037910811,0
"2252",6037910812,0
"2253",6037910813,0
"2254",6037911001,0
"2255",6037920011,0
"2256",6037920012,0
"2257",6037920013,0
"2258",6037920015,1
"2259",6037920016,1
"2260",6037920017,0
"2261",6037920018,0
"2262",6037920020,1
"2263",6037920023,0
"2264",6037920026,0
"2265",6037920028,1
"2266",6037920029,1
"2267",6037920030,0
"2268",6037920031,0
"2269",6037920032,1
"2270",6037920033,0
"2271",6037920034,0
"2272",6037920035,0
"2273",6037920036,0
"2274",6037920037,0
"2275",6037920038,0
"2276",6037920039,0
"2277",6037920040,1
"2278",6037920041,1
"2279",6037920042,0
"2280",6037920043,0
"2281",6037920044,0
"2282",6037920045,1
"2283",6037920102,1
"2284",6037920104,0
"2285",6037920106,0
"2286",6037920107,0
"2287",6037920108,NA
"2288",6037920109,0
"2289",6037920110,0
"2290",6037920111,1
"2291",6037920112,0
"2292",6037920114,0
"2293",6037920115,0
"2294",6037920116,1
"2295",6037920118,1
"2296",6037920119,1
"2297",6037920200,0
"2298",6037920303,0
"2299",6037920312,0
"2300",6037920313,0
"2301",6037920314,0
"2302",6037920322,0
"2303",6037920326,1
"2304",6037920328,0
"2305",6037920329,1
"2306",6037920330,0
"2307",6037920331,0
"2308",6037920332,0
"2309",6037920334,0
"2310",6037920336,0
"2311",6037920337,0
"2312",6037920338,1
"2313",6037920339,0
"2314",6037930101,0
"2315",6037930200,0
"2316",6037930301,1
"2317",6037930401,0
"2318",6037980001,0
"2319",6037980002,0
"2320",6037980003,0
"2321",6037980004,0
"2322",6037980005,0
"2323",6037980006,0
"2324",6037980007,0
"2325",6037980008,0
"2326",6037980009,1
"2327",6037980010,1
"2328",6037980013,0
"2329",6037980014,0
"2330",6037980015,0
"2331",6037980018,0
"2332",6037980019,0
"2333",6037980020,0
"2334",6037980021,0
"2335",6037980022,0
"2336",6037980023,0
"2337",6037980024,0
"2338",6037980025,0
"2339",6037980026,0
"2340",6037980028,0
"2341",6037980030,0
"2342",6037980031,0
"2343",6037980033,0
"2344",6037990100,0
"2345",6037990200,0
"2346",6037990300,0
"2347",6059001101,1
"2348",6059001102,0
"2349",6059001103,0
"2350",6059001201,0
"2351",6059001202,0
"2352",6059001301,1
"2353",6059001303,0
"2354",6059001304,0
"2355",6059001401,0
"2356",6059001402,0
"2357",6059001403,1
"2358",6059001404,0
"2359",6059001501,0
"2360",6059001503,0
"2361",6059001504,1
"2362",6059001505,0
"2363",6059001506,0
"2364",6059001507,1
"2365",6059001601,0
"2366",6059001602,0
"2367",6059001704,0
"2368",6059001705,0
"2369",6059001706,0
"2370",6059001707,1
"2371",6059001708,0
"2372",6059001801,0
"2373",6059001802,0
"2374",6059001901,0
"2375",6059001902,1
"2376",6059001903,0
"2377",6059011000,0
"2378",6059011101,0
"2379",6059011102,0
"2380",6059011200,1
"2381",6059011300,1
"2382",6059011401,0
"2383",6059011402,0
"2384",6059011403,0
"2385",6059011502,0
"2386",6059011503,1
"2387",6059011504,0
"2388",6059011601,0
"2389",6059011602,0
"2390",6059011707,1
"2391",6059011708,0
"2392",6059011709,1
"2393",6059011710,1
"2394",6059011711,0
"2395",6059011712,1
"2396",6059011714,0
"2397",6059011715,0
"2398",6059011716,0
"2399",6059011717,1
"2400",6059011718,0
"2401",6059011720,0
"2402",6059011721,0
"2403",6059011722,0
"2404",6059021802,0
"2405",6059021807,1
"2406",6059021809,0
"2407",6059021810,1
"2408",6059021812,0
"2409",6059021813,0
"2410",6059021814,0
"2411",6059021815,1
"2412",6059021816,1
"2413",6059021817,0
"2414",6059021820,0
"2415",6059021821,1
"2416",6059021822,0
"2417",6059021823,0
"2418",6059021824,0
"2419",6059021825,0
"2420",6059021826,0
"2421",6059021827,0
"2422",6059021828,0
"2423",6059021829,0
"2424",6059021830,1
"2425",6059021903,0
"2426",6059021905,0
"2427",6059021912,0
"2428",6059021913,0
"2429",6059021914,1
"2430",6059021915,1
"2431",6059021916,0
"2432",6059021917,0
"2433",6059021918,1
"2434",6059021919,0
"2435",6059021920,0
"2436",6059021921,0
"2437",6059021922,0
"2438",6059021923,0
"2439",6059021924,1
"2440",6059032002,0
"2441",6059032003,0
"2442",6059032011,0
"2443",6059032012,0
"2444",6059032013,0
"2445",6059032014,0
"2446",6059032015,0
"2447",6059032020,0
"2448",6059032022,0
"2449",6059032023,0
"2450",6059032027,1
"2451",6059032028,1
"2452",6059032029,1
"2453",6059032030,0
"2454",6059032031,0
"2455",6059032032,0
"2456",6059032033,0
"2457",6059032034,0
"2458",6059032035,0
"2459",6059032036,0
"2460",6059032037,0
"2461",6059032038,0
"2462",6059032039,0
"2463",6059032040,0
"2464",6059032041,0
"2465",6059032042,0
"2466",6059032043,0
"2467",6059032044,0
"2468",6059032045,0
"2469",6059032046,0
"2470",6059032047,1
"2471",6059032048,0
"2472",6059032049,0
"2473",6059032050,0
"2474",6059032051,0
"2475",6059032053,0
"2476",6059032054,0
"2477",6059032055,0
"2478",6059032056,0
"2479",6059032057,0
"2480",6059032058,0
"2481",6059032059,0
"2482",6059032061,1
"2483",6059042103,0
"2484",6059042106,0
"2485",6059042107,1
"2486",6059042108,1
"2487",6059042109,0
"2488",6059042111,1
"2489",6059042112,1
"2490",6059042113,0
"2491",6059042114,0
"2492",6059042201,0
"2493",6059042203,0
"2494",6059042205,0
"2495",6059042206,0
"2496",6059042305,0
"2497",6059042307,0
"2498",6059042310,1
"2499",6059042311,0
"2500",6059042312,0
"2501",6059042313,0
"2502",6059042315,0
"2503",6059042317,0
"2504",6059042319,0
"2505",6059042320,0
"2506",6059042323,0
"2507",6059042324,0
"2508",6059042325,1
"2509",6059042326,0
"2510",6059042327,1
"2511",6059042328,1
"2512",6059042329,0
"2513",6059042330,0
"2514",6059042331,0
"2515",6059042332,0
"2516",6059042333,0
"2517",6059042334,0
"2518",6059042335,0
"2519",6059042336,0
"2520",6059042337,0
"2521",6059042338,1
"2522",6059042339,1
"2523",6059052404,1
"2524",6059052408,1
"2525",6059052410,1
"2526",6059052411,0
"2527",6059052415,1
"2528",6059052416,1
"2529",6059052417,0
"2530",6059052418,0
"2531",6059052419,0
"2532",6059052420,0
"2533",6059052421,0
"2534",6059052422,1
"2535",6059052423,0
"2536",6059052424,0
"2537",6059052425,1
"2538",6059052426,0
"2539",6059052427,1
"2540",6059052428,1
"2541",6059052502,0
"2542",6059052505,0
"2543",6059052506,0
"2544",6059052511,0
"2545",6059052513,0
"2546",6059052514,0
"2547",6059052515,0
"2548",6059052517,0
"2549",6059052518,1
"2550",6059052519,0
"2551",6059052520,0
"2552",6059052521,0
"2553",6059052522,0
"2554",6059052523,0
"2555",6059052524,0
"2556",6059052525,0
"2557",6059052526,0
"2558",6059052527,1
"2559",6059052528,0
"2560",6059062604,0
"2561",6059062605,1
"2562",6059062610,0
"2563",6059062611,0
"2564",6059062612,0
"2565",6059062614,0
"2566",6059062619,0
"2567",6059062620,0
"2568",6059062621,1
"2569",6059062622,0
"2570",6059062625,0
"2571",6059062626,0
"2572",6059062627,0
"2573",6059062628,0
"2574",6059062629,0
"2575",6059062630,0
"2576",6059062631,0
"2577",6059062632,0
"2578",6059062633,0
"2579",6059062634,1
"2580",6059062635,0
"2581",6059062636,1
"2582",6059062637,0
"2583",6059062638,0
"2584",6059062639,0
"2585",6059062640,1
"2586",6059062641,0
"2587",6059062642,1
"2588",6059062643,0
"2589",6059062644,0
"2590",6059062645,0
"2591",6059062646,0
"2592",6059062647,0
"2593",6059062648,0
"2594",6059062649,0
"2595",6059062701,1
"2596",6059062702,0
"2597",6059062800,1
"2598",6059062900,0
"2599",6059063004,0
"2600",6059063005,0
"2601",6059063006,0
"2602",6059063007,0
"2603",6059063008,0
"2604",6059063009,0
"2605",6059063010,0
"2606",6059063101,1
"2607",6059063102,1
"2608",6059063103,0
"2609",6059063201,0
"2610",6059063202,0
"2611",6059063301,1
"2612",6059063302,1
"2613",6059063400,0
"2614",6059063500,0
"2615",6059063601,1
"2616",6059063603,0
"2617",6059063604,0
"2618",6059063605,0
"2619",6059063701,0
"2620",6059063702,0
"2621",6059063802,0
"2622",6059063803,0
"2623",6059063805,0
"2624",6059063806,0
"2625",6059063807,1
"2626",6059063808,0
"2627",6059063902,1
"2628",6059063903,0
"2629",6059063904,0
"2630",6059063905,1
"2631",6059063906,0
"2632",6059063907,0
"2633",6059063908,0
"2634",6059074003,1
"2635",6059074004,0
"2636",6059074005,0
"2637",6059074006,1
"2638",6059074102,0
"2639",6059074103,0
"2640",6059074106,0
"2641",6059074107,0
"2642",6059074108,0
"2643",6059074109,0
"2644",6059074110,0
"2645",6059074111,0
"2646",6059074200,0
"2647",6059074300,0
"2648",6059074403,0
"2649",6059074405,0
"2650",6059074406,0
"2651",6059074407,0
"2652",6059074408,0
"2653",6059074501,0
"2654",6059074502,0
"2655",6059074601,0
"2656",6059074602,0
"2657",6059074701,0
"2658",6059074702,0
"2659",6059074801,1
"2660",6059074802,0
"2661",6059074803,0
"2662",6059074805,0
"2663",6059074806,0
"2664",6059074901,0
"2665",6059074902,0
"2666",6059075002,0
"2667",6059075003,0
"2668",6059075004,0
"2669",6059075100,0
"2670",6059075201,0
"2671",6059075202,0
"2672",6059075301,0
"2673",6059075302,1
"2674",6059075303,0
"2675",6059075401,0
"2676",6059075403,0
"2677",6059075404,0
"2678",6059075405,0
"2679",6059075504,0
"2680",6059075505,1
"2681",6059075506,0
"2682",6059075507,0
"2683",6059075512,0
"2684",6059075513,0
"2685",6059075514,0
"2686",6059075515,1
"2687",6059075603,0
"2688",6059075604,0
"2689",6059075605,0
"2690",6059075606,0
"2691",6059075607,0
"2692",6059075701,0
"2693",6059075702,1
"2694",6059075703,0
"2695",6059075805,0
"2696",6059075806,0
"2697",6059075807,0
"2698",6059075808,1
"2699",6059075809,0
"2700",6059075810,0
"2701",6059075811,0
"2702",6059075812,0
"2703",6059075813,0
"2704",6059075814,0
"2705",6059075815,0
"2706",6059075816,0
"2707",6059075901,0
"2708",6059075902,0
"2709",6059076000,1
"2710",6059076101,1
"2711",6059076102,0
"2712",6059076103,0
"2713",6059076201,0
"2714",6059076202,0
"2715",6059076204,0
"2716",6059076205,0
"2717",6059076206,1
"2718",6059076208,0
"2719",6059086301,0
"2720",6059086303,0
"2721",6059086304,0
"2722",6059086305,0
"2723",6059086306,0
"2724",6059086402,0
"2725",6059086404,0
"2726",6059086405,0
"2727",6059086406,0
"2728",6059086407,0
"2729",6059086501,0
"2730",6059086502,0
"2731",6059086601,0
"2732",6059086602,1
"2733",6059086701,0
"2734",6059086702,0
"2735",6059086801,0
"2736",6059086802,0
"2737",6059086803,0
"2738",6059086901,0
"2739",6059086902,0
"2740",6059086903,0
"2741",6059087001,0
"2742",6059087002,0
"2743",6059087101,0
"2744",6059087102,0
"2745",6059087103,0
"2746",6059087105,1
"2747",6059087106,0
"2748",6059087200,0
"2749",6059087300,0
"2750",6059087401,0
"2751",6059087403,0
"2752",6059087404,0
"2753",6059087405,0
"2754",6059087503,0
"2755",6059087504,0
"2756",6059087505,0
"2757",6059087601,0
"2758",6059087602,0
"2759",6059087701,0
"2760",6059087703,0
"2761",6059087704,0
"2762",6059087801,0
"2763",6059087802,0
"2764",6059087803,0
"2765",6059087805,0
"2766",6059087806,0
"2767",6059087901,0
"2768",6059087902,0
"2769",6059088001,0
"2770",6059088002,0
"2771",6059088101,1
"2772",6059088104,0
"2773",6059088105,0
"2774",6059088106,1
"2775",6059088107,1
"2776",6059088201,0
"2777",6059088202,0
"2778",6059088203,0
"2779",6059088301,1
"2780",6059088302,0
"2781",6059088401,0
"2782",6059088402,0
"2783",6059088403,0
"2784",6059088501,0
"2785",6059088502,0
"2786",6059088601,0
"2787",6059088602,0
"2788",6059088701,0
"2789",6059088702,0
"2790",6059088801,0
"2791",6059088802,0
"2792",6059088901,0
"2793",6059088902,0
"2794",6059088903,0
"2795",6059088904,0
"2796",6059088905,0
"2797",6059089001,0
"2798",6059089003,0
"2799",6059089004,0
"2800",6059089102,0
"2801",6059089104,0
"2802",6059089105,0
"2803",6059089106,0
"2804",6059089107,1
"2805",6059099202,0
"2806",6059099203,0
"2807",6059099204,0
"2808",6059099212,1
"2809",6059099214,1
"2810",6059099215,1
"2811",6059099216,1
"2812",6059099217,0
"2813",6059099220,0
"2814",6059099222,0
"2815",6059099223,0
"2816",6059099224,1
"2817",6059099225,1
"2818",6059099226,0
"2819",6059099227,0
"2820",6059099229,0
"2821",6059099230,1
"2822",6059099231,0
"2823",6059099232,0
"2824",6059099233,0
"2825",6059099234,0
"2826",6059099235,0
"2827",6059099237,1
"2828",6059099238,0
"2829",6059099239,0
"2830",6059099240,0
"2831",6059099241,0
"2832",6059099242,0
"2833",6059099243,1
"2834",6059099244,0
"2835",6059099245,1
"2836",6059099246,1
"2837",6059099247,0
"2838",6059099248,0
"2839",6059099249,0
"2840",6059099250,0
"2841",6059099251,0
"2842",6059099305,0
"2843",6059099306,1
"2844",6059099307,1
"2845",6059099308,1
"2846",6059099309,0
"2847",6059099310,1
"2848",6059099311,0
"2849",6059099402,0
"2850",6059099404,0
"2851",6059099405,0
"2852",6059099406,0
"2853",6059099407,0
"2854",6059099408,1
"2855",6059099410,0
"2856",6059099411,0
"2857",6059099412,0
"2858",6059099413,0
"2859",6059099415,0
"2860",6059099416,0
"2861",6059099417,0
"2862",6059099502,0
"2863",6059099504,0
"2864",6059099506,0
"2865",6059099508,1
"2866",6059099509,0
"2867",6059099510,0
"2868",6059099511,0
"2869",6059099512,0
"2870",6059099513,0
"2871",6059099514,0
"2872",6059099601,0
"2873",6059099602,1
"2874",6059099603,1
"2875",6059099604,0
"2876",6059099605,0
"2877",6059099701,0
"2878",6059099702,0
"2879",6059099703,0
"2880",6059099801,0
"2881",6059099802,0
"2882",6059099803,0
"2883",6059099902,1
"2884",6059099903,0
"2885",6059099904,0
"2886",6059099905,0
"2887",6059099906,0
"2888",6059110001,0
"2889",6059110003,0
"2890",6059110004,1
"2891",6059110005,0
"2892",6059110006,0
"2893",6059110007,0
"2894",6059110008,1
"2895",6059110010,1
"2896",6059110011,0
"2897",6059110012,0
"2898",6059110014,1
"2899",6059110015,0
"2900",6059110102,0
"2901",6059110104,0
"2902",6059110106,1
"2903",6059110108,1
"2904",6059110109,0
"2905",6059110110,0
"2906",6059110111,0
"2907",6059110113,0
"2908",6059110114,1
"2909",6059110115,0
"2910",6059110116,0
"2911",6059110117,0
"2912",6059110118,1
"2913",6059110201,0
"2914",6059110202,0
"2915",6059110203,1
"2916",6059110301,0
"2917",6059110302,0
"2918",6059110303,1
"2919",6059110304,1
"2920",6059110401,1
"2921",6059110402,0
"2922",6059110500,0
"2923",6059110603,0
"2924",6059110604,1
"2925",6059110605,1
"2926",6059110606,0
"2927",6059110607,1
"2928",6059980000,0
"2929",6059990100,0
