"","area_key_list_NY","final_scores_NY"
"1",34003001000,0
"2",34003002100,0
"3",34003002200,0
"4",34003002300,0
"5",34003003100,0
"6",34003003200,0
"7",34003003300,1
"8",34003003401,0
"9",34003003402,0
"10",34003003500,0
"11",34003004001,0
"12",34003004002,0
"13",34003005000,0
"14",34003006100,0
"15",34003006201,0
"16",34003006202,1
"17",34003006300,0
"18",34003007001,1
"19",34003007002,1
"20",34003008000,1
"21",34003009100,0
"22",34003009200,1
"23",34003010100,0
"24",34003010200,0
"25",34003010300,0
"26",34003011100,0
"27",34003011200,0
"28",34003011300,0
"29",34003011400,0
"30",34003012001,0
"31",34003012002,1
"32",34003013001,1
"33",34003013002,1
"34",34003014000,0
"35",34003015100,0
"36",34003015200,0
"37",34003015300,0
"38",34003015400,0
"39",34003015500,0
"40",34003016000,0
"41",34003017100,0
"42",34003017200,0
"43",34003017300,0
"44",34003017400,0
"45",34003017500,0
"46",34003018100,0
"47",34003018200,0
"48",34003019102,0
"49",34003019103,0
"50",34003019104,0
"51",34003019202,0
"52",34003019203,1
"53",34003019204,0
"54",34003019303,1
"55",34003019304,0
"56",34003019305,0
"57",34003019306,0
"58",34003020100,1
"59",34003020200,1
"60",34003021100,0
"61",34003021200,0
"62",34003021300,0
"63",34003021400,0
"64",34003021500,0
"65",34003021600,0
"66",34003022100,0
"67",34003022200,0
"68",34003023100,0
"69",34003023200,0
"70",34003023301,0
"71",34003023302,1
"72",34003023401,0
"73",34003023402,1
"74",34003023501,0
"75",34003023502,0
"76",34003023601,0
"77",34003023602,0
"78",34003024100,0
"79",34003024200,0
"80",34003025100,0
"81",34003025200,1
"82",34003026100,0
"83",34003026200,0
"84",34003027000,0
"85",34003028001,0
"86",34003028002,0
"87",34003029100,0
"88",34003029200,0
"89",34003030100,1
"90",34003030200,0
"91",34003030300,1
"92",34003030400,0
"93",34003031100,1
"94",34003031200,0
"95",34003031300,0
"96",34003031400,0
"97",34003032102,0
"98",34003032103,0
"99",34003032104,0
"100",34003032201,1
"101",34003032202,0
"102",34003033100,0
"103",34003033200,0
"104",34003033300,0
"105",34003034000,0
"106",34003035100,0
"107",34003035200,0
"108",34003036100,1
"109",34003036200,0
"110",34003037100,0
"111",34003037201,0
"112",34003037202,0
"113",34003038100,0
"114",34003038200,0
"115",34003038300,1
"116",34003039100,1
"117",34003039200,0
"118",34003039300,0
"119",34003040001,0
"120",34003040002,0
"121",34003041100,0
"122",34003041200,0
"123",34003041301,0
"124",34003041302,1
"125",34003042100,1
"126",34003042301,0
"127",34003042302,0
"128",34003042400,0
"129",34003042500,0
"130",34003043001,1
"131",34003043002,0
"132",34003044100,0
"133",34003044201,1
"134",34003044202,0
"135",34003045100,0
"136",34003045200,1
"137",34003046100,0
"138",34003046200,0
"139",34003046300,0
"140",34003047100,0
"141",34003047200,0
"142",34003047300,0
"143",34003047400,0
"144",34003047500,1
"145",34003048100,1
"146",34003048200,1
"147",34003049001,0
"148",34003049002,1
"149",34003050000,0
"150",34003051100,0
"151",34003051200,1
"152",34003051300,0
"153",34003051400,1
"154",34003052100,0
"155",34003052200,0
"156",34003053100,0
"157",34003053200,0
"158",34003054100,0
"159",34003054200,0
"160",34003054300,0
"161",34003054400,0
"162",34003054500,0
"163",34003054600,1
"164",34003055100,0
"165",34003055200,0
"166",34003056100,1
"167",34003056200,0
"168",34003057101,0
"169",34003057102,0
"170",34003057200,1
"171",34003058100,0
"172",34003058200,0
"173",34003059100,0
"174",34003059200,0
"175",34003060000,1
"176",34003061100,1
"177",34003061200,0
"178",34003061300,1
"179",34003061400,0
"180",34013000100,0
"181",34013000200,0
"182",34013000300,0
"183",34013000400,0
"184",34013000500,0
"185",34013000600,0
"186",34013000700,0
"187",34013000800,0
"188",34013000900,0
"189",34013001000,0
"190",34013001100,0
"191",34013001300,0
"192",34013001400,0
"193",34013001500,0
"194",34013001600,0
"195",34013001700,0
"196",34013001800,0
"197",34013001900,0
"198",34013002000,0
"199",34013002100,0
"200",34013002201,0
"201",34013002202,0
"202",34013002300,0
"203",34013002400,0
"204",34013002500,0
"205",34013002600,0
"206",34013002800,0
"207",34013003100,1
"208",34013003500,1
"209",34013003700,0
"210",34013003800,0
"211",34013003900,0
"212",34013004100,0
"213",34013004200,0
"214",34013004300,0
"215",34013004400,0
"216",34013004500,0
"217",34013004600,0
"218",34013004700,0
"219",34013004801,0
"220",34013004802,0
"221",34013004900,1
"222",34013005000,0
"223",34013005100,0
"224",34013005200,0
"225",34013005300,0
"226",34013005400,0
"227",34013005700,0
"228",34013006200,0
"229",34013006400,0
"230",34013006600,1
"231",34013006700,0
"232",34013006800,0
"233",34013006900,0
"234",34013007000,0
"235",34013007100,0
"236",34013007200,0
"237",34013007300,0
"238",34013007400,0
"239",34013007501,0
"240",34013007502,0
"241",34013007600,0
"242",34013007700,0
"243",34013007800,0
"244",34013007900,0
"245",34013008000,1
"246",34013008100,0
"247",34013008200,0
"248",34013008700,0
"249",34013008800,0
"250",34013008900,1
"251",34013009000,0
"252",34013009100,0
"253",34013009200,0
"254",34013009300,0
"255",34013009400,1
"256",34013009500,0
"257",34013009600,0
"258",34013009700,0
"259",34013009900,0
"260",34013010000,0
"261",34013010100,0
"262",34013010200,0
"263",34013010300,0
"264",34013010400,0
"265",34013010500,0
"266",34013010600,0
"267",34013010700,0
"268",34013010800,0
"269",34013010900,0
"270",34013011100,0
"271",34013011200,0
"272",34013011300,0
"273",34013011400,0
"274",34013011500,0
"275",34013011600,0
"276",34013011700,0
"277",34013011800,0
"278",34013011900,0
"279",34013012000,0
"280",34013012100,0
"281",34013012200,0
"282",34013012300,0
"283",34013012400,0
"284",34013012500,0
"285",34013012600,0
"286",34013012700,0
"287",34013012800,0
"288",34013012900,0
"289",34013013000,0
"290",34013013100,0
"291",34013013200,0
"292",34013013300,0
"293",34013013400,0
"294",34013013500,0
"295",34013013600,0
"296",34013013700,0
"297",34013013800,0
"298",34013013900,1
"299",34013014000,0
"300",34013014100,0
"301",34013014200,1
"302",34013014300,1
"303",34013014400,0
"304",34013014500,0
"305",34013014600,0
"306",34013014700,0
"307",34013014800,0
"308",34013014900,0
"309",34013015000,1
"310",34013015100,1
"311",34013015200,1
"312",34013015300,0
"313",34013015400,0
"314",34013015500,0
"315",34013015600,0
"316",34013015700,0
"317",34013015800,0
"318",34013015900,0
"319",34013016000,1
"320",34013016100,1
"321",34013016200,0
"322",34013016300,0
"323",34013016400,0
"324",34013016500,1
"325",34013016600,1
"326",34013016700,0
"327",34013016800,1
"328",34013016900,1
"329",34013017000,0
"330",34013017100,0
"331",34013017200,0
"332",34013017301,0
"333",34013017302,0
"334",34013017400,0
"335",34013017500,0
"336",34013017600,0
"337",34013017700,0
"338",34013017800,0
"339",34013017900,0
"340",34013018000,1
"341",34013018100,0
"342",34013018200,0
"343",34013018300,0
"344",34013018400,1
"345",34013018600,0
"346",34013018700,0
"347",34013018800,0
"348",34013018900,0
"349",34013019000,0
"350",34013019100,1
"351",34013019200,1
"352",34013019300,1
"353",34013019400,0
"354",34013019500,1
"355",34013019600,0
"356",34013019700,0
"357",34013019800,0
"358",34013019900,0
"359",34013020000,0
"360",34013020100,0
"361",34013020200,0
"362",34013020300,0
"363",34013020400,0
"364",34013020500,1
"365",34013020600,0
"366",34013020700,0
"367",34013020800,0
"368",34013020901,0
"369",34013020902,1
"370",34013021000,0
"371",34013021100,1
"372",34013021200,0
"373",34013021300,0
"374",34013021400,1
"375",34013021601,0
"376",34013021602,0
"377",34013021701,1
"378",34013021702,0
"379",34013021801,1
"380",34013021802,0
"381",34013021803,0
"382",34013022700,0
"383",34013022800,0
"384",34013022900,0
"385",34013023000,0
"386",34013023100,1
"387",34013023200,0
"388",34013980100,0
"389",34013980200,0
"390",34017000100,1
"391",34017000200,0
"392",34017000300,0
"393",34017000400,1
"394",34017000500,0
"395",34017000600,0
"396",34017000700,1
"397",34017000800,1
"398",34017000902,0
"399",34017001000,1
"400",34017001100,0
"401",34017001201,1
"402",34017001202,0
"403",34017001300,0
"404",34017001400,0
"405",34017001701,0
"406",34017001800,0
"407",34017001900,0
"408",34017002000,0
"409",34017002200,1
"410",34017002300,1
"411",34017002400,1
"412",34017002700,1
"413",34017002800,0
"414",34017002900,1
"415",34017003000,0
"416",34017003100,0
"417",34017003500,1
"418",34017004000,0
"419",34017004101,0
"420",34017004102,1
"421",34017004200,0
"422",34017004300,0
"423",34017004400,0
"424",34017004500,0
"425",34017004600,0
"426",34017004700,1
"427",34017004800,1
"428",34017004900,0
"429",34017005200,0
"430",34017005300,0
"431",34017005400,1
"432",34017005500,0
"433",34017005600,0
"434",34017005801,0
"435",34017005802,1
"436",34017005900,1
"437",34017006000,0
"438",34017006100,0
"439",34017006200,0
"440",34017006300,0
"441",34017006400,1
"442",34017006500,1
"443",34017006600,1
"444",34017006700,0
"445",34017006800,0
"446",34017006900,0
"447",34017007000,1
"448",34017007100,0
"449",34017007200,1
"450",34017007300,0
"451",34017007400,1
"452",34017007500,1
"453",34017007600,1
"454",34017007700,0
"455",34017007800,0
"456",34017010100,0
"457",34017010200,0
"458",34017010300,0
"459",34017010400,0
"460",34017010500,0
"461",34017010600,0
"462",34017010700,0
"463",34017010800,1
"464",34017010900,0
"465",34017011000,0
"466",34017011100,0
"467",34017011200,1
"468",34017011300,0
"469",34017011400,0
"470",34017011500,0
"471",34017011600,1
"472",34017012300,0
"473",34017012400,0
"474",34017012500,0
"475",34017012600,0
"476",34017012700,0
"477",34017012800,0
"478",34017012900,0
"479",34017013000,0
"480",34017013100,0
"481",34017013200,0
"482",34017013300,0
"483",34017013400,0
"484",34017013500,0
"485",34017013600,0
"486",34017013700,0
"487",34017013800,1
"488",34017013900,0
"489",34017014000,0
"490",34017014101,1
"491",34017014102,0
"492",34017014200,0
"493",34017014300,0
"494",34017014400,0
"495",34017014501,1
"496",34017014502,0
"497",34017014600,1
"498",34017014700,0
"499",34017014800,0
"500",34017014900,0
"501",34017015001,1
"502",34017015002,0
"503",34017015100,0
"504",34017015201,1
"505",34017015202,0
"506",34017015300,0
"507",34017015500,0
"508",34017015600,0
"509",34017015700,0
"510",34017015801,1
"511",34017015802,0
"512",34017015900,0
"513",34017016000,0
"514",34017016100,0
"515",34017016200,0
"516",34017016300,0
"517",34017016400,0
"518",34017016500,1
"519",34017016600,0
"520",34017016700,0
"521",34017016800,1
"522",34017016900,0
"523",34017017000,0
"524",34017017100,0
"525",34017017200,1
"526",34017017300,0
"527",34017017400,0
"528",34017017500,0
"529",34017017600,0
"530",34017017700,0
"531",34017017800,0
"532",34017017900,0
"533",34017018000,0
"534",34017018100,0
"535",34017018200,1
"536",34017018301,0
"537",34017018302,0
"538",34017018400,1
"539",34017018500,0
"540",34017018600,0
"541",34017018701,0
"542",34017018702,1
"543",34017018800,0
"544",34017018900,1
"545",34017019000,0
"546",34017019100,1
"547",34017019200,1
"548",34017019300,0
"549",34017019400,0
"550",34017019800,0
"551",34017019900,0
"552",34017020000,0
"553",34017020100,1
"554",34017032400,0
"555",34017980100,0
"556",34019010100,0
"557",34019010200,0
"558",34019010300,0
"559",34019010400,0
"560",34019010500,0
"561",34019010600,0
"562",34019010701,0
"563",34019010702,0
"564",34019010801,0
"565",34019010802,0
"566",34019010900,1
"567",34019011001,0
"568",34019011002,0
"569",34019011100,0
"570",34019011201,0
"571",34019011202,0
"572",34019011301,0
"573",34019011302,0
"574",34019011303,0
"575",34019011304,0
"576",34019011400,0
"577",34019011500,0
"578",34019011600,0
"579",34019011700,0
"580",34019011800,0
"581",34019011900,0
"582",34023000100,0
"583",34023000200,0
"584",34023000300,0
"585",34023000401,1
"586",34023000403,1
"587",34023000404,0
"588",34023000501,0
"589",34023000502,0
"590",34023000603,1
"591",34023000606,1
"592",34023000608,0
"593",34023000701,0
"594",34023000702,0
"595",34023000801,0
"596",34023000802,0
"597",34023000901,0
"598",34023000902,0
"599",34023001001,0
"600",34023001002,1
"601",34023001100,0
"602",34023001200,0
"603",34023001300,1
"604",34023001409,1
"605",34023001410,0
"606",34023001411,0
"607",34023001412,0
"608",34023001413,0
"609",34023001414,1
"610",34023001415,0
"611",34023001416,0
"612",34023001417,0
"613",34023001502,0
"614",34023001504,0
"615",34023001505,0
"616",34023001506,1
"617",34023001600,1
"618",34023001701,1
"619",34023001702,0
"620",34023001803,0
"621",34023001804,0
"622",34023001805,0
"623",34023001901,0
"624",34023001902,0
"625",34023001903,0
"626",34023002000,1
"627",34023002101,0
"628",34023002102,0
"629",34023002200,0
"630",34023002301,0
"631",34023002302,0
"632",34023002401,0
"633",34023002402,0
"634",34023002500,1
"635",34023002603,1
"636",34023002604,0
"637",34023002605,1
"638",34023002701,0
"639",34023002703,0
"640",34023002805,0
"641",34023002901,0
"642",34023002902,0
"643",34023003001,0
"644",34023003002,0
"645",34023003101,0
"646",34023003102,0
"647",34023003201,1
"648",34023003203,1
"649",34023003300,0
"650",34023003401,0
"651",34023003500,0
"652",34023003600,1
"653",34023003700,0
"654",34023003800,0
"655",34023004000,1
"656",34023004100,0
"657",34023004200,1
"658",34023004300,0
"659",34023004400,0
"660",34023004500,0
"661",34023004600,0
"662",34023004700,0
"663",34023004800,0
"664",34023004900,0
"665",34023005000,0
"666",34023005100,0
"667",34023005200,0
"668",34023005300,0
"669",34023005500,1
"670",34023005601,0
"671",34023005602,0
"672",34023005700,0
"673",34023005800,0
"674",34023006001,1
"675",34023006002,0
"676",34023006101,0
"677",34023006103,0
"678",34023006104,0
"679",34023006203,1
"680",34023006204,1
"681",34023006205,1
"682",34023006206,0
"683",34023006207,0
"684",34023006300,0
"685",34023006403,0
"686",34023006500,1
"687",34023006601,0
"688",34023006604,1
"689",34023006605,0
"690",34023006606,0
"691",34023006607,0
"692",34023006608,0
"693",34023006701,0
"694",34023006703,0
"695",34023006800,0
"696",34023006900,0
"697",34023007000,0
"698",34023007101,1
"699",34023007102,0
"700",34023007103,0
"701",34023007202,0
"702",34023007203,0
"703",34023007301,0
"704",34023007303,0
"705",34023007304,0
"706",34023007402,0
"707",34023007500,0
"708",34023007600,0
"709",34023007702,1
"710",34023007703,0
"711",34023007704,1
"712",34023007801,0
"713",34023007804,0
"714",34023007805,0
"715",34023007806,0
"716",34023007905,0
"717",34023007906,0
"718",34023007907,0
"719",34023007908,0
"720",34023007909,0
"721",34023007910,0
"722",34023007911,1
"723",34023007912,0
"724",34023008001,0
"725",34023008101,0
"726",34023008102,0
"727",34023008103,1
"728",34023008202,1
"729",34023008204,0
"730",34023008205,0
"731",34023008206,0
"732",34023008207,0
"733",34023008208,1
"734",34023008209,0
"735",34023008300,0
"736",34023008403,0
"737",34023008404,0
"738",34023008405,0
"739",34023008406,0
"740",34023008501,0
"741",34023008502,0
"742",34023008503,1
"743",34023008504,0
"744",34023008601,0
"745",34023008602,0
"746",34023008604,0
"747",34023008605,0
"748",34023008606,0
"749",34023008700,0
"750",34023008800,0
"751",34023008900,0
"752",34023009000,0
"753",34023009100,0
"754",34023009200,0
"755",34023009300,1
"756",34023009400,0
"757",34025800100,1
"758",34025800200,1
"759",34025800400,0
"760",34025800500,1
"761",34025800601,1
"762",34025800602,1
"763",34025800701,1
"764",34025800702,0
"765",34025800800,0
"766",34025800900,0
"767",34025801000,0
"768",34025801100,0
"769",34025801200,0
"770",34025801300,0
"771",34025801400,1
"772",34025801500,0
"773",34025801600,0
"774",34025801700,0
"775",34025801800,0
"776",34025801900,0
"777",34025802000,0
"778",34025802100,0
"779",34025802200,0
"780",34025802300,0
"781",34025802400,0
"782",34025802500,0
"783",34025802600,1
"784",34025802700,0
"785",34025802800,0
"786",34025802900,0
"787",34025803000,0
"788",34025803100,0
"789",34025803201,0
"790",34025803202,0
"791",34025803300,0
"792",34025803400,0
"793",34025803500,0
"794",34025803600,0
"795",34025803700,0
"796",34025803800,0
"797",34025803900,0
"798",34025804100,1
"799",34025804200,1
"800",34025804500,0
"801",34025804600,0
"802",34025804700,0
"803",34025804800,0
"804",34025805001,0
"805",34025805100,0
"806",34025805300,0
"807",34025805400,1
"808",34025805500,0
"809",34025805600,0
"810",34025805700,0
"811",34025805800,1
"812",34025805900,1
"813",34025806000,0
"814",34025806100,0
"815",34025806201,0
"816",34025806202,1
"817",34025806300,0
"818",34025806400,1
"819",34025806501,0
"820",34025806502,0
"821",34025806503,0
"822",34025806504,0
"823",34025806600,0
"824",34025807003,0
"825",34025807004,0
"826",34025807100,0
"827",34025807200,0
"828",34025807300,0
"829",34025807400,0
"830",34025807500,0
"831",34025807600,0
"832",34025807700,1
"833",34025807800,0
"834",34025807900,1
"835",34025808001,1
"836",34025808002,0
"837",34025808100,0
"838",34025808200,1
"839",34025808300,1
"840",34025808401,0
"841",34025808402,0
"842",34025808500,0
"843",34025808600,0
"844",34025808701,0
"845",34025808702,1
"846",34025808800,0
"847",34025808900,1
"848",34025809000,1
"849",34025809100,0
"850",34025809200,0
"851",34025809301,0
"852",34025809302,1
"853",34025809400,1
"854",34025809501,0
"855",34025809502,0
"856",34025809600,0
"857",34025809701,0
"858",34025809703,1
"859",34025809704,1
"860",34025809901,1
"861",34025809902,0
"862",34025809903,0
"863",34025810001,1
"864",34025810002,0
"865",34025810003,0
"866",34025810004,0
"867",34025810101,0
"868",34025810102,0
"869",34025810200,1
"870",34025810300,0
"871",34025810401,0
"872",34025810402,0
"873",34025810501,0
"874",34025810502,0
"875",34025810503,0
"876",34025810600,0
"877",34025810700,1
"878",34025810800,0
"879",34025810900,0
"880",34025811000,0
"881",34025811101,0
"882",34025811102,1
"883",34025811200,0
"884",34025811301,0
"885",34025811303,0
"886",34025811304,0
"887",34025811401,0
"888",34025811402,0
"889",34025811501,0
"890",34025811502,1
"891",34025811600,0
"892",34025811900,1
"893",34025812000,1
"894",34025812100,0
"895",34025812200,0
"896",34025812300,0
"897",34025812400,0
"898",34025812501,0
"899",34025812502,0
"900",34025990000,0
"901",34027040101,1
"902",34027040102,0
"903",34027040200,0
"904",34027040300,0
"905",34027040400,0
"906",34027040500,0
"907",34027040600,0
"908",34027040701,0
"909",34027040702,0
"910",34027040801,1
"911",34027040803,1
"912",34027040804,1
"913",34027040805,0
"914",34027040900,0
"915",34027041000,0
"916",34027041100,1
"917",34027041200,0
"918",34027041300,0
"919",34027041400,1
"920",34027041500,0
"921",34027041601,0
"922",34027041602,0
"923",34027041603,0
"924",34027041604,0
"925",34027041701,0
"926",34027041702,1
"927",34027041704,0
"928",34027041705,0
"929",34027041706,0
"930",34027041801,0
"931",34027041802,0
"932",34027041803,0
"933",34027041901,0
"934",34027041902,0
"935",34027042000,1
"936",34027042100,0
"937",34027042200,0
"938",34027042301,0
"939",34027042302,0
"940",34027042500,0
"941",34027042600,0
"942",34027042700,0
"943",34027042800,0
"944",34027042900,1
"945",34027043000,0
"946",34027043100,0
"947",34027043200,0
"948",34027043301,0
"949",34027043302,0
"950",34027043303,0
"951",34027043401,0
"952",34027043402,1
"953",34027043500,0
"954",34027043600,0
"955",34027043700,0
"956",34027043800,0
"957",34027043900,0
"958",34027044000,1
"959",34027044101,0
"960",34027044102,1
"961",34027044200,0
"962",34027044300,0
"963",34027044401,1
"964",34027044403,1
"965",34027044404,1
"966",34027044501,0
"967",34027044502,0
"968",34027044601,0
"969",34027044602,0
"970",34027044701,1
"971",34027044702,1
"972",34027044800,0
"973",34027044900,0
"974",34027045000,0
"975",34027045100,0
"976",34027045200,0
"977",34027045300,1
"978",34027045401,0
"979",34027045402,0
"980",34027045501,0
"981",34027045502,1
"982",34027045602,0
"983",34027045603,0
"984",34027045701,0
"985",34027045703,1
"986",34027045704,0
"987",34027045804,0
"988",34027045901,0
"989",34027045902,0
"990",34027046000,0
"991",34027046103,0
"992",34027046104,0
"993",34027046105,0
"994",34027046106,1
"995",34027046201,0
"996",34027046202,0
"997",34027046297,0
"998",34027046298,0
"999",34027046300,0
"1000",34027046400,0
"1001",34029710100,0
"1002",34029711100,1
"1003",34029711200,0
"1004",34029711300,0
"1005",34029711400,1
"1006",34029712000,1
"1007",34029713000,0
"1008",34029713100,0
"1009",34029713201,0
"1010",34029713202,0
"1011",34029713203,0
"1012",34029713300,0
"1013",34029713401,1
"1014",34029713402,0
"1015",34029713500,0
"1016",34029713600,0
"1017",34029713700,1
"1018",34029713800,1
"1019",34029713900,0
"1020",34029714000,0
"1021",34029714100,0
"1022",34029714200,0
"1023",34029714300,0
"1024",34029714400,0
"1025",34029715000,0
"1026",34029715200,0
"1027",34029715301,0
"1028",34029715302,0
"1029",34029715401,0
"1030",34029715402,0
"1031",34029715500,0
"1032",34029715600,0
"1033",34029715700,0
"1034",34029715800,0
"1035",34029715901,1
"1036",34029715902,0
"1037",34029716000,0
"1038",34029717001,0
"1039",34029717002,0
"1040",34029717101,0
"1041",34029717102,1
"1042",34029717200,1
"1043",34029717300,0
"1044",34029717400,0
"1045",34029717501,0
"1046",34029717502,1
"1047",34029718000,0
"1048",34029720001,1
"1049",34029720101,0
"1050",34029720102,0
"1051",34029720103,0
"1052",34029720202,0
"1053",34029720203,0
"1054",34029720204,0
"1055",34029720205,0
"1056",34029720206,1
"1057",34029721000,1
"1058",34029722001,1
"1059",34029722002,0
"1060",34029722100,0
"1061",34029722200,0
"1062",34029722300,0
"1063",34029722401,0
"1064",34029722402,0
"1065",34029722500,1
"1066",34029722600,0
"1067",34029722701,1
"1068",34029722702,0
"1069",34029722800,0
"1070",34029722900,0
"1071",34029723000,0
"1072",34029723100,0
"1073",34029723200,0
"1074",34029723300,0
"1075",34029723400,1
"1076",34029723500,0
"1077",34029723600,0
"1078",34029724000,0
"1079",34029725001,1
"1080",34029725002,1
"1081",34029725100,0
"1082",34029726000,0
"1083",34029727001,1
"1084",34029727002,1
"1085",34029728000,0
"1086",34029729000,1
"1087",34029730000,0
"1088",34029731001,0
"1089",34029731002,1
"1090",34029731101,0
"1091",34029731102,0
"1092",34029731103,0
"1093",34029731201,0
"1094",34029731202,0
"1095",34029731203,0
"1096",34029731204,0
"1097",34029731205,0
"1098",34029731206,0
"1099",34029732001,0
"1100",34029732002,0
"1101",34029732101,0
"1102",34029732103,0
"1103",34029732104,0
"1104",34029733000,1
"1105",34029734001,1
"1106",34029734002,1
"1107",34029734003,0
"1108",34029735001,0
"1109",34029735002,1
"1110",34029735101,0
"1111",34029735103,0
"1112",34029735104,0
"1113",34029736001,0
"1114",34029736002,1
"1115",34029736101,1
"1116",34029736102,0
"1117",34029736105,0
"1118",34029737000,0
"1119",34029738001,1
"1120",34029738002,1
"1121",34029738100,1
"1122",34029739000,1
"1123",34029739100,0
"1124",34029980000,0
"1125",34029980100,0
"1126",34029990000,0
"1127",34031116500,0
"1128",34031124200,1
"1129",34031124311,1
"1130",34031124312,0
"1131",34031124321,0
"1132",34031124322,1
"1133",34031124323,0
"1134",34031124401,0
"1135",34031124402,1
"1136",34031124500,0
"1137",34031124601,0
"1138",34031124602,0
"1139",34031124700,0
"1140",34031124800,0
"1141",34031124900,0
"1142",34031125000,0
"1143",34031125100,0
"1144",34031133701,0
"1145",34031133702,0
"1146",34031143200,1
"1147",34031143300,0
"1148",34031143400,1
"1149",34031154001,0
"1150",34031154002,0
"1151",34031163500,1
"1152",34031175200,0
"1153",34031175301,0
"1154",34031175302,0
"1155",34031175401,0
"1156",34031175402,0
"1157",34031175500,0
"1158",34031175601,1
"1159",34031175602,0
"1160",34031175701,0
"1161",34031175703,0
"1162",34031175704,1
"1163",34031175801,0
"1164",34031175802,0
"1165",34031175900,0
"1166",34031180100,0
"1167",34031180201,1
"1168",34031180202,0
"1169",34031180300,0
"1170",34031180600,0
"1171",34031180700,0
"1172",34031180800,0
"1173",34031180900,0
"1174",34031181000,0
"1175",34031181100,0
"1176",34031181200,0
"1177",34031181300,0
"1178",34031181400,0
"1179",34031181500,0
"1180",34031181702,0
"1181",34031181800,0
"1182",34031181900,0
"1183",34031182000,0
"1184",34031182100,0
"1185",34031182200,0
"1186",34031182301,0
"1187",34031182302,0
"1188",34031182400,0
"1189",34031182500,0
"1190",34031182600,0
"1191",34031182700,0
"1192",34031182800,0
"1193",34031182900,0
"1194",34031183000,0
"1195",34031183101,0
"1196",34031183102,0
"1197",34031183200,0
"1198",34031196401,0
"1199",34031196402,0
"1200",34031203600,0
"1201",34031216701,1
"1202",34031216702,0
"1203",34031223801,0
"1204",34031223802,0
"1205",34031223900,0
"1206",34031236601,0
"1207",34031236602,1
"1208",34031246001,0
"1209",34031246002,0
"1210",34031246003,0
"1211",34031246101,0
"1212",34031246102,1
"1213",34031246103,0
"1214",34031246104,0
"1215",34031246201,0
"1216",34031246202,0
"1217",34031246203,0
"1218",34031246300,0
"1219",34031256801,0
"1220",34031256802,0
"1221",34031256803,0
"1222",34031256804,1
"1223",34031256805,0
"1224",34031264101,0
"1225",34031264102,0
"1226",34031264200,0
"1227",34035050100,0
"1228",34035050200,0
"1229",34035050300,0
"1230",34035050400,0
"1231",34035050500,0
"1232",34035050600,1
"1233",34035050701,0
"1234",34035050703,1
"1235",34035050704,1
"1236",34035050801,0
"1237",34035050802,0
"1238",34035050901,0
"1239",34035050902,0
"1240",34035050903,0
"1241",34035051000,0
"1242",34035051100,0
"1243",34035051200,0
"1244",34035051300,0
"1245",34035051400,0
"1246",34035051500,0
"1247",34035051600,0
"1248",34035051700,0
"1249",34035051800,0
"1250",34035051900,0
"1251",34035052001,0
"1252",34035052002,0
"1253",34035052100,0
"1254",34035052201,0
"1255",34035052203,0
"1256",34035052204,0
"1257",34035052300,0
"1258",34035052400,0
"1259",34035052601,0
"1260",34035052603,0
"1261",34035052700,0
"1262",34035052800,0
"1263",34035052901,0
"1264",34035052903,0
"1265",34035052904,0
"1266",34035053000,1
"1267",34035053102,0
"1268",34035053103,0
"1269",34035053105,1
"1270",34035053200,0
"1271",34035053300,0
"1272",34035053402,0
"1273",34035053403,1
"1274",34035053404,1
"1275",34035053501,1
"1276",34035053602,0
"1277",34035053603,0
"1278",34035053604,0
"1279",34035053703,0
"1280",34035053704,0
"1281",34035053705,0
"1282",34035053706,0
"1283",34035053707,0
"1284",34035053801,0
"1285",34035053803,0
"1286",34035053804,0
"1287",34035053805,0
"1288",34035053901,0
"1289",34035053904,0
"1290",34035053905,0
"1291",34035054100,0
"1292",34035054201,0
"1293",34035054202,0
"1294",34035054300,0
"1295",34037371000,0
"1296",34037371100,0
"1297",34037371200,0
"1298",34037371300,0
"1299",34037371400,0
"1300",34037371502,0
"1301",34037371503,0
"1302",34037371600,0
"1303",34037371700,0
"1304",34037371800,0
"1305",34037371900,0
"1306",34037372000,0
"1307",34037372100,0
"1308",34037372200,1
"1309",34037372300,0
"1310",34037372400,0
"1311",34037372500,0
"1312",34037372600,0
"1313",34037372700,0
"1314",34037372800,1
"1315",34037372900,0
"1316",34037373000,0
"1317",34037373100,0
"1318",34037373200,0
"1319",34037373300,0
"1320",34037373400,0
"1321",34037373500,0
"1322",34037373600,0
"1323",34037373700,0
"1324",34037373800,0
"1325",34037373900,0
"1326",34037374000,0
"1327",34037374100,1
"1328",34037374200,1
"1329",34037374300,0
"1330",34037374400,1
"1331",34037374500,0
"1332",34037374600,0
"1333",34037374700,1
"1334",34037374800,0
"1335",34037374900,1
"1336",34039030200,0
"1337",34039030400,0
"1338",34039030500,0
"1339",34039030600,0
"1340",34039030701,0
"1341",34039030702,0
"1342",34039030802,0
"1343",34039030900,0
"1344",34039031000,0
"1345",34039031100,0
"1346",34039031200,0
"1347",34039031300,0
"1348",34039031400,0
"1349",34039031500,0
"1350",34039031601,0
"1351",34039031602,0
"1352",34039031700,0
"1353",34039031801,0
"1354",34039031802,0
"1355",34039031903,0
"1356",34039031904,0
"1357",34039032001,0
"1358",34039032002,0
"1359",34039032100,0
"1360",34039032200,0
"1361",34039032300,0
"1362",34039032400,0
"1363",34039032500,0
"1364",34039032600,0
"1365",34039032700,0
"1366",34039032800,0
"1367",34039032901,0
"1368",34039032902,0
"1369",34039033000,0
"1370",34039033100,0
"1371",34039033200,0
"1372",34039033300,1
"1373",34039033400,0
"1374",34039033500,0
"1375",34039033600,0
"1376",34039033700,0
"1377",34039033800,0
"1378",34039033900,0
"1379",34039034000,0
"1380",34039034100,0
"1381",34039034200,0
"1382",34039034300,0
"1383",34039034400,0
"1384",34039034500,0
"1385",34039034600,0
"1386",34039034700,0
"1387",34039034800,0
"1388",34039034900,0
"1389",34039035000,1
"1390",34039035100,0
"1391",34039035200,0
"1392",34039035300,0
"1393",34039035400,0
"1394",34039035500,0
"1395",34039035600,0
"1396",34039035700,0
"1397",34039035800,0
"1398",34039035900,0
"1399",34039036000,0
"1400",34039036100,0
"1401",34039036200,0
"1402",34039036301,0
"1403",34039036302,0
"1404",34039036400,0
"1405",34039036500,0
"1406",34039036600,0
"1407",34039036700,0
"1408",34039036800,0
"1409",34039036900,0
"1410",34039037000,1
"1411",34039037100,0
"1412",34039037200,0
"1413",34039037300,0
"1414",34039037400,0
"1415",34039037500,0
"1416",34039037601,0
"1417",34039037602,0
"1418",34039037700,0
"1419",34039037800,0
"1420",34039037900,0
"1421",34039038000,0
"1422",34039038101,0
"1423",34039038102,0
"1424",34039038201,0
"1425",34039038202,0
"1426",34039038300,0
"1427",34039038400,0
"1428",34039038500,0
"1429",34039038601,0
"1430",34039038602,0
"1431",34039038700,1
"1432",34039038800,0
"1433",34039038900,0
"1434",34039039000,0
"1435",34039039100,1
"1436",34039039200,0
"1437",34039039300,0
"1438",34039039400,0
"1439",34039039500,0
"1440",34039039600,0
"1441",34039039700,1
"1442",34039039800,0
"1443",34039039900,0
"1444",36005000100,0
"1445",36005000200,0
"1446",36005000400,1
"1447",36005001600,0
"1448",36005001900,0
"1449",36005002000,0
"1450",36005002300,0
"1451",36005002400,0
"1452",36005002500,0
"1453",36005002701,0
"1454",36005002702,0
"1455",36005002800,0
"1456",36005003100,0
"1457",36005003300,0
"1458",36005003500,0
"1459",36005003700,0
"1460",36005003800,0
"1461",36005003900,1
"1462",36005004001,0
"1463",36005004100,0
"1464",36005004200,0
"1465",36005004300,0
"1466",36005004400,0
"1467",36005004600,0
"1468",36005004800,0
"1469",36005005001,0
"1470",36005005002,0
"1471",36005005100,0
"1472",36005005200,1
"1473",36005005300,0
"1474",36005005400,0
"1475",36005005600,0
"1476",36005005902,0
"1477",36005006000,0
"1478",36005006100,0
"1479",36005006200,0
"1480",36005006300,0
"1481",36005006400,0
"1482",36005006500,0
"1483",36005006700,0
"1484",36005006800,0
"1485",36005006900,0
"1486",36005007000,0
"1487",36005007100,0
"1488",36005007200,0
"1489",36005007300,0
"1490",36005007400,0
"1491",36005007500,0
"1492",36005007600,0
"1493",36005007700,1
"1494",36005007800,0
"1495",36005007900,0
"1496",36005008300,0
"1497",36005008400,1
"1498",36005008500,0
"1499",36005008600,0
"1500",36005008700,0
"1501",36005008900,0
"1502",36005009000,0
"1503",36005009200,0
"1504",36005009300,0
"1505",36005009600,0
"1506",36005009800,1
"1507",36005011000,0
"1508",36005011502,0
"1509",36005011700,0
"1510",36005011800,1
"1511",36005011900,0
"1512",36005012101,0
"1513",36005012102,0
"1514",36005012300,0
"1515",36005012500,0
"1516",36005012701,0
"1517",36005012901,0
"1518",36005013000,1
"1519",36005013100,0
"1520",36005013200,1
"1521",36005013300,0
"1522",36005013500,0
"1523",36005013800,0
"1524",36005014100,0
"1525",36005014300,0
"1526",36005014400,0
"1527",36005014500,0
"1528",36005014701,0
"1529",36005014702,0
"1530",36005014900,0
"1531",36005015100,0
"1532",36005015200,0
"1533",36005015300,0
"1534",36005015500,0
"1535",36005015700,0
"1536",36005015800,0
"1537",36005015900,0
"1538",36005016000,1
"1539",36005016100,0
"1540",36005016200,1
"1541",36005016300,0
"1542",36005016400,1
"1543",36005016500,0
"1544",36005016600,0
"1545",36005016700,0
"1546",36005016900,0
"1547",36005017100,0
"1548",36005017300,0
"1549",36005017500,0
"1550",36005017701,0
"1551",36005017702,0
"1552",36005017901,0
"1553",36005017902,0
"1554",36005018101,0
"1555",36005018102,0
"1556",36005018301,0
"1557",36005018302,0
"1558",36005018400,0
"1559",36005018500,0
"1560",36005018900,0
"1561",36005019300,0
"1562",36005019400,0
"1563",36005019500,0
"1564",36005019700,0
"1565",36005019900,0
"1566",36005020000,0
"1567",36005020100,0
"1568",36005020200,0
"1569",36005020400,0
"1570",36005020501,0
"1571",36005020502,0
"1572",36005020601,0
"1573",36005020900,0
"1574",36005021001,0
"1575",36005021002,0
"1576",36005021100,0
"1577",36005021200,1
"1578",36005021301,0
"1579",36005021302,0
"1580",36005021501,0
"1581",36005021502,0
"1582",36005021601,0
"1583",36005021602,0
"1584",36005021700,0
"1585",36005021800,0
"1586",36005021900,1
"1587",36005022000,0
"1588",36005022101,0
"1589",36005022102,0
"1590",36005022200,0
"1591",36005022300,0
"1592",36005022401,0
"1593",36005022403,0
"1594",36005022404,0
"1595",36005022500,0
"1596",36005022701,0
"1597",36005022702,0
"1598",36005022703,0
"1599",36005022800,0
"1600",36005022901,0
"1601",36005022902,0
"1602",36005023000,0
"1603",36005023100,0
"1604",36005023200,1
"1605",36005023301,0
"1606",36005023302,0
"1607",36005023501,0
"1608",36005023502,0
"1609",36005023600,0
"1610",36005023702,0
"1611",36005023703,0
"1612",36005023704,0
"1613",36005023800,0
"1614",36005023900,0
"1615",36005024000,0
"1616",36005024100,0
"1617",36005024300,0
"1618",36005024400,0
"1619",36005024501,0
"1620",36005024502,0
"1621",36005024600,1
"1622",36005024700,0
"1623",36005024800,0
"1624",36005024900,0
"1625",36005025000,0
"1626",36005025100,0
"1627",36005025200,0
"1628",36005025300,0
"1629",36005025400,0
"1630",36005025500,0
"1631",36005025600,0
"1632",36005025700,0
"1633",36005026100,0
"1634",36005026300,0
"1635",36005026400,0
"1636",36005026500,0
"1637",36005026601,1
"1638",36005026602,0
"1639",36005026701,0
"1640",36005026702,0
"1641",36005026900,0
"1642",36005027300,0
"1643",36005027401,0
"1644",36005027402,1
"1645",36005027600,0
"1646",36005027700,0
"1647",36005027900,0
"1648",36005028100,0
"1649",36005028300,0
"1650",36005028400,0
"1651",36005028500,0
"1652",36005028600,1
"1653",36005028700,0
"1654",36005028800,0
"1655",36005028900,1
"1656",36005029301,0
"1657",36005029302,0
"1658",36005029500,1
"1659",36005029600,0
"1660",36005029700,1
"1661",36005030000,0
"1662",36005030100,0
"1663",36005030200,0
"1664",36005030701,0
"1665",36005030900,0
"1666",36005031000,1
"1667",36005031200,0
"1668",36005031400,0
"1669",36005031600,1
"1670",36005031800,0
"1671",36005031900,0
"1672",36005032300,0
"1673",36005032400,0
"1674",36005032600,0
"1675",36005032800,0
"1676",36005033000,0
"1677",36005033201,0
"1678",36005033202,0
"1679",36005033400,0
"1680",36005033500,0
"1681",36005033600,0
"1682",36005033700,1
"1683",36005033800,1
"1684",36005034000,0
"1685",36005034200,0
"1686",36005034300,0
"1687",36005034400,0
"1688",36005034500,0
"1689",36005034800,0
"1690",36005035000,0
"1691",36005035100,0
"1692",36005035600,0
"1693",36005035800,0
"1694",36005035900,0
"1695",36005036000,1
"1696",36005036100,0
"1697",36005036300,0
"1698",36005036400,0
"1699",36005036501,0
"1700",36005036502,0
"1701",36005036700,0
"1702",36005036800,0
"1703",36005036901,0
"1704",36005036902,0
"1705",36005037000,0
"1706",36005037100,0
"1707",36005037200,1
"1708",36005037300,0
"1709",36005037400,0
"1710",36005037504,0
"1711",36005037600,0
"1712",36005037800,0
"1713",36005037900,0
"1714",36005038000,0
"1715",36005038100,0
"1716",36005038200,0
"1717",36005038301,0
"1718",36005038302,0
"1719",36005038500,0
"1720",36005038600,0
"1721",36005038700,0
"1722",36005038800,0
"1723",36005038900,0
"1724",36005039000,0
"1725",36005039100,0
"1726",36005039200,0
"1727",36005039300,0
"1728",36005039400,0
"1729",36005039500,0
"1730",36005039600,1
"1731",36005039700,0
"1732",36005039800,0
"1733",36005039901,0
"1734",36005039902,0
"1735",36005040100,0
"1736",36005040302,0
"1737",36005040303,0
"1738",36005040304,0
"1739",36005040400,0
"1740",36005040501,0
"1741",36005040502,0
"1742",36005040600,0
"1743",36005040701,0
"1744",36005040702,0
"1745",36005040800,0
"1746",36005040900,0
"1747",36005041100,0
"1748",36005041300,0
"1749",36005041400,1
"1750",36005041500,0
"1751",36005041800,0
"1752",36005041900,0
"1753",36005042000,0
"1754",36005042100,0
"1755",36005042200,1
"1756",36005042300,0
"1757",36005042400,1
"1758",36005042500,0
"1759",36005042600,1
"1760",36005042800,0
"1761",36005042901,0
"1762",36005042902,0
"1763",36005043000,0
"1764",36005043100,0
"1765",36005043400,0
"1766",36005043500,0
"1767",36005043600,0
"1768",36005044200,0
"1769",36005044400,0
"1770",36005044800,0
"1771",36005044901,0
"1772",36005044902,0
"1773",36005045101,0
"1774",36005045102,0
"1775",36005045600,0
"1776",36005045800,0
"1777",36005046000,0
"1778",36005046201,0
"1779",36005046202,0
"1780",36005048400,0
"1781",36005050400,0
"1782",36005051600,0
"1783",36047000100,1
"1784",36047000200,0
"1785",36047000301,1
"1786",36047000501,0
"1787",36047000502,1
"1788",36047000700,1
"1789",36047000900,0
"1790",36047001100,1
"1791",36047001300,0
"1792",36047001500,1
"1793",36047001800,0
"1794",36047002000,0
"1795",36047002100,0
"1796",36047002200,0
"1797",36047002300,0
"1798",36047002901,0
"1799",36047003000,0
"1800",36047003100,1
"1801",36047003300,1
"1802",36047003400,0
"1803",36047003500,0
"1804",36047003600,0
"1805",36047003700,0
"1806",36047003800,0
"1807",36047003900,1
"1808",36047004100,1
"1809",36047004300,1
"1810",36047004400,0
"1811",36047004500,1
"1812",36047004600,0
"1813",36047004700,1
"1814",36047004900,1
"1815",36047005000,0
"1816",36047005100,1
"1817",36047005201,0
"1818",36047005202,0
"1819",36047005300,1
"1820",36047005400,0
"1821",36047005601,1
"1822",36047005602,0
"1823",36047005800,0
"1824",36047005900,1
"1825",36047006000,0
"1826",36047006200,1
"1827",36047006300,1
"1828",36047006400,0
"1829",36047006500,1
"1830",36047006600,0
"1831",36047006700,0
"1832",36047006800,0
"1833",36047006900,1
"1834",36047007000,1
"1835",36047007100,1
"1836",36047007200,0
"1837",36047007400,0
"1838",36047007500,0
"1839",36047007600,0
"1840",36047007700,1
"1841",36047007800,0
"1842",36047008000,0
"1843",36047008200,0
"1844",36047008400,0
"1845",36047008500,0
"1846",36047008600,0
"1847",36047008800,1
"1848",36047009000,0
"1849",36047009200,0
"1850",36047009400,0
"1851",36047009600,1
"1852",36047009800,0
"1853",36047010000,0
"1854",36047010100,1
"1855",36047010200,0
"1856",36047010400,0
"1857",36047010600,0
"1858",36047010800,0
"1859",36047011000,0
"1860",36047011200,0
"1861",36047011400,0
"1862",36047011600,0
"1863",36047011700,1
"1864",36047011800,0
"1865",36047011900,1
"1866",36047012000,0
"1867",36047012100,1
"1868",36047012200,0
"1869",36047012600,0
"1870",36047012700,0
"1871",36047012801,1
"1872",36047012901,1
"1873",36047012902,1
"1874",36047013000,0
"1875",36047013100,1
"1876",36047013200,0
"1877",36047013300,1
"1878",36047013400,0
"1879",36047013500,1
"1880",36047013600,1
"1881",36047013700,1
"1882",36047013800,0
"1883",36047013900,1
"1884",36047014000,0
"1885",36047014100,1
"1886",36047014200,0
"1887",36047014300,1
"1888",36047014500,1
"1889",36047014700,1
"1890",36047014800,1
"1891",36047014900,1
"1892",36047015000,1
"1893",36047015100,1
"1894",36047015200,0
"1895",36047015300,0
"1896",36047015400,0
"1897",36047015500,1
"1898",36047015700,0
"1899",36047015900,1
"1900",36047016000,0
"1901",36047016100,1
"1902",36047016200,1
"1903",36047016300,0
"1904",36047016400,0
"1905",36047016500,0
"1906",36047016600,0
"1907",36047016700,0
"1908",36047016800,1
"1909",36047016900,1
"1910",36047017000,0
"1911",36047017100,1
"1912",36047017200,0
"1913",36047017400,0
"1914",36047017500,0
"1915",36047017600,0
"1916",36047017700,0
"1917",36047017800,0
"1918",36047017900,0
"1919",36047018000,0
"1920",36047018100,1
"1921",36047018200,0
"1922",36047018300,1
"1923",36047018400,0
"1924",36047018501,0
"1925",36047018600,0
"1926",36047018700,1
"1927",36047018800,0
"1928",36047019000,0
"1929",36047019100,0
"1930",36047019200,0
"1931",36047019300,0
"1932",36047019400,0
"1933",36047019500,0
"1934",36047019600,0
"1935",36047019700,1
"1936",36047019800,0
"1937",36047019900,1
"1938",36047020000,0
"1939",36047020100,1
"1940",36047020200,0
"1941",36047020300,0
"1942",36047020400,0
"1943",36047020500,1
"1944",36047020600,0
"1945",36047020700,1
"1946",36047020800,0
"1947",36047021000,1
"1948",36047021100,1
"1949",36047021200,0
"1950",36047021300,1
"1951",36047021400,0
"1952",36047021500,0
"1953",36047021600,0
"1954",36047021700,0
"1955",36047021800,0
"1956",36047021900,0
"1957",36047022000,0
"1958",36047022100,1
"1959",36047022200,0
"1960",36047022400,0
"1961",36047022600,0
"1962",36047022700,0
"1963",36047022800,0
"1964",36047022900,1
"1965",36047023000,0
"1966",36047023100,1
"1967",36047023200,0
"1968",36047023300,0
"1969",36047023400,0
"1970",36047023500,1
"1971",36047023600,0
"1972",36047023800,0
"1973",36047024000,0
"1974",36047024100,1
"1975",36047024200,0
"1976",36047024300,0
"1977",36047024400,0
"1978",36047024500,1
"1979",36047024600,0
"1980",36047024700,1
"1981",36047024800,0
"1982",36047024900,1
"1983",36047025000,0
"1984",36047025100,0
"1985",36047025200,0
"1986",36047025300,0
"1987",36047025400,0
"1988",36047025500,0
"1989",36047025600,0
"1990",36047025700,0
"1991",36047025800,0
"1992",36047025901,0
"1993",36047025902,0
"1994",36047026000,0
"1995",36047026100,0
"1996",36047026200,0
"1997",36047026300,0
"1998",36047026400,0
"1999",36047026500,1
"2000",36047026600,0
"2001",36047026700,1
"2002",36047026800,0
"2003",36047026900,0
"2004",36047027000,0
"2005",36047027100,0
"2006",36047027200,0
"2007",36047027300,0
"2008",36047027400,0
"2009",36047027500,1
"2010",36047027600,0
"2011",36047027700,0
"2012",36047027800,0
"2013",36047027900,1
"2014",36047028000,0
"2015",36047028100,0
"2016",36047028200,0
"2017",36047028300,0
"2018",36047028400,0
"2019",36047028501,1
"2020",36047028502,0
"2021",36047028600,0
"2022",36047028700,0
"2023",36047028800,0
"2024",36047028900,0
"2025",36047029000,0
"2026",36047029100,0
"2027",36047029200,0
"2028",36047029300,0
"2029",36047029400,0
"2030",36047029500,1
"2031",36047029600,0
"2032",36047029700,1
"2033",36047029800,0
"2034",36047029900,0
"2035",36047030000,0
"2036",36047030100,0
"2037",36047030200,0
"2038",36047030300,0
"2039",36047030400,0
"2040",36047030500,1
"2041",36047030600,0
"2042",36047030700,0
"2043",36047030800,0
"2044",36047030900,0
"2045",36047031100,0
"2046",36047031300,0
"2047",36047031400,0
"2048",36047031500,0
"2049",36047031701,0
"2050",36047031702,0
"2051",36047031900,0
"2052",36047032100,0
"2053",36047032300,0
"2054",36047032500,0
"2055",36047032600,0
"2056",36047032700,0
"2057",36047032800,0
"2058",36047032900,0
"2059",36047033000,0
"2060",36047033100,0
"2061",36047033300,0
"2062",36047033500,0
"2063",36047033600,1
"2064",36047033700,0
"2065",36047033900,0
"2066",36047034000,0
"2067",36047034100,0
"2068",36047034200,0
"2069",36047034300,0
"2070",36047034500,0
"2071",36047034700,0
"2072",36047034800,0
"2073",36047034900,0
"2074",36047035000,1
"2075",36047035100,0
"2076",36047035200,0
"2077",36047035300,0
"2078",36047035400,0
"2079",36047035500,0
"2080",36047035601,1
"2081",36047035602,0
"2082",36047035700,0
"2083",36047035900,0
"2084",36047036001,0
"2085",36047036002,0
"2086",36047036100,0
"2087",36047036200,0
"2088",36047036300,0
"2089",36047036400,0
"2090",36047036501,1
"2091",36047036502,1
"2092",36047036600,1
"2093",36047036700,1
"2094",36047036900,0
"2095",36047037000,0
"2096",36047037100,1
"2097",36047037300,0
"2098",36047037401,0
"2099",36047037402,0
"2100",36047037500,1
"2101",36047037700,0
"2102",36047037900,0
"2103",36047038100,0
"2104",36047038200,0
"2105",36047038300,0
"2106",36047038500,0
"2107",36047038600,1
"2108",36047038700,0
"2109",36047038800,0
"2110",36047038900,0
"2111",36047039000,0
"2112",36047039100,1
"2113",36047039200,0
"2114",36047039300,0
"2115",36047039400,0
"2116",36047039500,0
"2117",36047039600,0
"2118",36047039700,0
"2119",36047039800,0
"2120",36047039900,1
"2121",36047040000,0
"2122",36047040100,0
"2123",36047040200,0
"2124",36047040300,0
"2125",36047040400,0
"2126",36047040500,1
"2127",36047040600,0
"2128",36047040700,0
"2129",36047040800,0
"2130",36047040900,0
"2131",36047041000,0
"2132",36047041100,1
"2133",36047041200,0
"2134",36047041300,0
"2135",36047041401,0
"2136",36047041402,0
"2137",36047041500,0
"2138",36047041600,0
"2139",36047041700,0
"2140",36047041800,0
"2141",36047041900,0
"2142",36047042000,0
"2143",36047042100,0
"2144",36047042200,0
"2145",36047042300,0
"2146",36047042400,0
"2147",36047042500,0
"2148",36047042600,0
"2149",36047042700,0
"2150",36047042800,0
"2151",36047042900,0
"2152",36047043000,1
"2153",36047043100,0
"2154",36047043200,0
"2155",36047043300,0
"2156",36047043400,1
"2157",36047043500,0
"2158",36047043600,0
"2159",36047043700,0
"2160",36047043800,0
"2161",36047043900,0
"2162",36047044000,1
"2163",36047044100,0
"2164",36047044200,0
"2165",36047044300,0
"2166",36047044400,0
"2167",36047044500,0
"2168",36047044600,0
"2169",36047044700,0
"2170",36047044800,0
"2171",36047044900,0
"2172",36047045000,0
"2173",36047045200,0
"2174",36047045300,1
"2175",36047045400,0
"2176",36047045600,0
"2177",36047045800,0
"2178",36047046000,0
"2179",36047046201,0
"2180",36047046202,0
"2181",36047046400,0
"2182",36047046800,0
"2183",36047047000,0
"2184",36047047200,0
"2185",36047047400,0
"2186",36047047600,0
"2187",36047047700,1
"2188",36047047800,0
"2189",36047048000,0
"2190",36047048100,1
"2191",36047048200,0
"2192",36047048400,0
"2193",36047048500,1
"2194",36047048600,0
"2195",36047048800,0
"2196",36047048900,0
"2197",36047049000,0
"2198",36047049100,0
"2199",36047049200,0
"2200",36047049300,0
"2201",36047049400,0
"2202",36047049500,1
"2203",36047049600,0
"2204",36047049700,1
"2205",36047049800,1
"2206",36047049900,0
"2207",36047050000,0
"2208",36047050100,1
"2209",36047050202,1
"2210",36047050300,1
"2211",36047050400,1
"2212",36047050500,0
"2213",36047050600,0
"2214",36047050700,0
"2215",36047050801,0
"2216",36047050803,1
"2217",36047050804,0
"2218",36047050900,0
"2219",36047051001,0
"2220",36047051002,0
"2221",36047051100,0
"2222",36047051200,0
"2223",36047051300,1
"2224",36047051400,0
"2225",36047051500,1
"2226",36047051601,0
"2227",36047051602,0
"2228",36047051700,1
"2229",36047051800,0
"2230",36047051900,1
"2231",36047052000,0
"2232",36047052300,0
"2233",36047052500,0
"2234",36047052600,0
"2235",36047052700,1
"2236",36047052800,1
"2237",36047052900,0
"2238",36047053000,1
"2239",36047053100,0
"2240",36047053200,0
"2241",36047053300,0
"2242",36047053400,0
"2243",36047053500,0
"2244",36047053700,0
"2245",36047053800,0
"2246",36047053900,0
"2247",36047054200,0
"2248",36047054300,0
"2249",36047054400,0
"2250",36047054500,0
"2251",36047054600,0
"2252",36047054700,0
"2253",36047054800,0
"2254",36047054900,0
"2255",36047055000,0
"2256",36047055100,1
"2257",36047055200,0
"2258",36047055300,1
"2259",36047055400,0
"2260",36047055500,0
"2261",36047055600,0
"2262",36047055700,1
"2263",36047055800,1
"2264",36047056000,0
"2265",36047056100,1
"2266",36047056200,0
"2267",36047056300,1
"2268",36047056400,0
"2269",36047056500,1
"2270",36047056600,0
"2271",36047056800,0
"2272",36047056900,1
"2273",36047057000,0
"2274",36047057100,1
"2275",36047057200,0
"2276",36047057300,1
"2277",36047057400,0
"2278",36047057500,1
"2279",36047057600,0
"2280",36047057800,0
"2281",36047057900,1
"2282",36047058000,1
"2283",36047058200,0
"2284",36047058400,0
"2285",36047058600,0
"2286",36047058800,0
"2287",36047058900,1
"2288",36047059000,1
"2289",36047059100,1
"2290",36047059200,0
"2291",36047059300,0
"2292",36047059401,1
"2293",36047059402,0
"2294",36047059600,0
"2295",36047059800,0
"2296",36047060000,0
"2297",36047060600,1
"2298",36047060800,0
"2299",36047061002,0
"2300",36047061003,0
"2301",36047061004,0
"2302",36047061200,0
"2303",36047061600,0
"2304",36047062000,0
"2305",36047062200,0
"2306",36047062600,0
"2307",36047062800,0
"2308",36047063200,0
"2309",36047063600,0
"2310",36047063800,0
"2311",36047064000,0
"2312",36047064200,0
"2313",36047064400,1
"2314",36047064600,0
"2315",36047064800,0
"2316",36047065000,0
"2317",36047065200,1
"2318",36047065400,1
"2319",36047065600,1
"2320",36047065800,1
"2321",36047066000,0
"2322",36047066200,1
"2323",36047066600,0
"2324",36047067000,0
"2325",36047067200,0
"2326",36047067400,1
"2327",36047067600,1
"2328",36047067800,0
"2329",36047068000,0
"2330",36047068200,1
"2331",36047068600,0
"2332",36047068800,1
"2333",36047069000,0
"2334",36047069200,0
"2335",36047069601,1
"2336",36047069602,1
"2337",36047069800,0
"2338",36047070000,1
"2339",36047070201,0
"2340",36047070202,0
"2341",36047070203,0
"2342",36047070600,1
"2343",36047072000,0
"2344",36047072200,1
"2345",36047072400,1
"2346",36047072600,0
"2347",36047072800,0
"2348",36047073000,1
"2349",36047073200,0
"2350",36047073400,0
"2351",36047073600,0
"2352",36047073800,1
"2353",36047074000,1
"2354",36047074200,0
"2355",36047074400,0
"2356",36047074600,0
"2357",36047074800,0
"2358",36047075000,0
"2359",36047075200,0
"2360",36047075400,1
"2361",36047075600,0
"2362",36047075800,0
"2363",36047076000,0
"2364",36047076200,0
"2365",36047076400,0
"2366",36047076600,0
"2367",36047076800,0
"2368",36047077000,0
"2369",36047077200,0
"2370",36047077400,0
"2371",36047077600,0
"2372",36047078000,0
"2373",36047078200,1
"2374",36047078400,0
"2375",36047078600,0
"2376",36047078800,0
"2377",36047079000,0
"2378",36047079200,0
"2379",36047079400,0
"2380",36047079601,0
"2381",36047079602,0
"2382",36047079801,0
"2383",36047079802,0
"2384",36047080000,0
"2385",36047080200,0
"2386",36047080400,1
"2387",36047080600,0
"2388",36047080800,0
"2389",36047081000,0
"2390",36047081400,0
"2391",36047081600,0
"2392",36047081800,0
"2393",36047082000,0
"2394",36047082200,0
"2395",36047082400,0
"2396",36047082600,0
"2397",36047082800,0
"2398",36047083000,0
"2399",36047083200,0
"2400",36047083400,1
"2401",36047083600,0
"2402",36047083800,0
"2403",36047084000,0
"2404",36047084600,0
"2405",36047084800,0
"2406",36047085000,0
"2407",36047085200,0
"2408",36047085400,0
"2409",36047085600,0
"2410",36047085800,0
"2411",36047086000,0
"2412",36047086200,0
"2413",36047086400,1
"2414",36047086600,0
"2415",36047086800,0
"2416",36047087000,0
"2417",36047087200,0
"2418",36047087401,0
"2419",36047087600,0
"2420",36047087800,0
"2421",36047088000,0
"2422",36047088200,0
"2423",36047088400,0
"2424",36047088600,0
"2425",36047088800,0
"2426",36047089000,0
"2427",36047089200,0
"2428",36047089400,0
"2429",36047089600,0
"2430",36047089800,0
"2431",36047090000,0
"2432",36047090200,0
"2433",36047090600,0
"2434",36047090800,0
"2435",36047091000,0
"2436",36047091200,0
"2437",36047091600,0
"2438",36047091800,0
"2439",36047092000,0
"2440",36047092200,0
"2441",36047092400,1
"2442",36047092800,0
"2443",36047093000,1
"2444",36047093200,0
"2445",36047093400,1
"2446",36047093600,0
"2447",36047093800,0
"2448",36047094401,0
"2449",36047094402,0
"2450",36047094600,0
"2451",36047095000,1
"2452",36047095400,0
"2453",36047095600,0
"2454",36047095800,0
"2455",36047096000,0
"2456",36047096200,1
"2457",36047096400,0
"2458",36047096600,1
"2459",36047096800,0
"2460",36047097000,0
"2461",36047097400,0
"2462",36047098200,0
"2463",36047098400,0
"2464",36047098600,0
"2465",36047098800,0
"2466",36047099000,0
"2467",36047099200,1
"2468",36047099400,0
"2469",36047099600,1
"2470",36047099800,0
"2471",36047100400,0
"2472",36047100600,1
"2473",36047100800,0
"2474",36047101000,1
"2475",36047101200,0
"2476",36047101400,0
"2477",36047101600,0
"2478",36047101800,0
"2479",36047102000,1
"2480",36047102200,0
"2481",36047102400,0
"2482",36047102600,0
"2483",36047102800,1
"2484",36047103400,0
"2485",36047105801,0
"2486",36047105804,0
"2487",36047107000,1
"2488",36047107800,1
"2489",36047109800,0
"2490",36047110400,0
"2491",36047110600,0
"2492",36047111000,0
"2493",36047111600,1
"2494",36047111800,0
"2495",36047112000,1
"2496",36047112200,1
"2497",36047112400,1
"2498",36047112600,0
"2499",36047112800,0
"2500",36047113000,0
"2501",36047113200,0
"2502",36047113400,0
"2503",36047114201,0
"2504",36047114202,0
"2505",36047114400,1
"2506",36047114600,0
"2507",36047115000,0
"2508",36047115200,0
"2509",36047115600,0
"2510",36047115800,0
"2511",36047116000,0
"2512",36047116200,0
"2513",36047116400,0
"2514",36047116600,0
"2515",36047116800,0
"2516",36047117000,0
"2517",36047117201,0
"2518",36047117202,0
"2519",36047117400,1
"2520",36047117601,0
"2521",36047117602,0
"2522",36047117800,0
"2523",36047118000,0
"2524",36047118201,1
"2525",36047118202,0
"2526",36047118400,0
"2527",36047118600,0
"2528",36047118800,0
"2529",36047119000,0
"2530",36047119200,0
"2531",36047119400,0
"2532",36047119600,0
"2533",36047119800,0
"2534",36047120000,0
"2535",36047120200,1
"2536",36047120800,0
"2537",36047121000,0
"2538",36047121400,0
"2539",36047122000,1
"2540",36047123700,0
"2541",36047150200,1
"2542",36047152200,1
"2543",36047990100,0
"2544",36059300100,0
"2545",36059300300,0
"2546",36059300400,0
"2547",36059300500,0
"2548",36059300600,0
"2549",36059300700,0
"2550",36059300800,0
"2551",36059300900,0
"2552",36059301000,0
"2553",36059301101,0
"2554",36059301102,0
"2555",36059301200,1
"2556",36059301300,0
"2557",36059301400,0
"2558",36059301500,0
"2559",36059301600,1
"2560",36059301700,0
"2561",36059301800,0
"2562",36059301900,0
"2563",36059302000,0
"2564",36059302101,0
"2565",36059302102,0
"2566",36059302200,1
"2567",36059302300,0
"2568",36059302400,0
"2569",36059302501,0
"2570",36059302502,0
"2571",36059302600,0
"2572",36059302700,0
"2573",36059302800,0
"2574",36059302900,0
"2575",36059303000,0
"2576",36059303101,0
"2577",36059303102,0
"2578",36059303201,1
"2579",36059303202,0
"2580",36059303301,1
"2581",36059303302,0
"2582",36059303400,0
"2583",36059303500,0
"2584",36059303600,0
"2585",36059303700,0
"2586",36059303800,0
"2587",36059303900,0
"2588",36059304001,1
"2589",36059304002,0
"2590",36059304100,0
"2591",36059304202,0
"2592",36059304203,1
"2593",36059304204,0
"2594",36059404300,0
"2595",36059404400,0
"2596",36059404500,0
"2597",36059404600,0
"2598",36059404700,1
"2599",36059404800,0
"2600",36059404901,0
"2601",36059404902,0
"2602",36059405000,0
"2603",36059405100,0
"2604",36059405200,1
"2605",36059405301,0
"2606",36059405302,0
"2607",36059405400,0
"2608",36059405500,0
"2609",36059405600,0
"2610",36059405700,0
"2611",36059405800,0
"2612",36059405900,1
"2613",36059406001,1
"2614",36059406002,0
"2615",36059406100,1
"2616",36059406201,0
"2617",36059406202,0
"2618",36059406300,0
"2619",36059406400,0
"2620",36059406501,0
"2621",36059406600,0
"2622",36059406701,0
"2623",36059406702,0
"2624",36059406801,0
"2625",36059406802,0
"2626",36059406900,0
"2627",36059407000,0
"2628",36059407101,0
"2629",36059407102,0
"2630",36059407201,0
"2631",36059407203,0
"2632",36059407204,0
"2633",36059407301,0
"2634",36059407302,0
"2635",36059407401,0
"2636",36059407402,0
"2637",36059407501,0
"2638",36059407502,0
"2639",36059407600,0
"2640",36059407700,0
"2641",36059407801,0
"2642",36059407802,0
"2643",36059407900,0
"2644",36059408000,0
"2645",36059408100,0
"2646",36059408200,0
"2647",36059408300,1
"2648",36059408400,1
"2649",36059408500,1
"2650",36059408600,1
"2651",36059408700,1
"2652",36059408800,1
"2653",36059408900,1
"2654",36059409000,0
"2655",36059409100,1
"2656",36059409200,1
"2657",36059409300,0
"2658",36059409400,0
"2659",36059409500,0
"2660",36059409600,1
"2661",36059409700,0
"2662",36059409800,1
"2663",36059409900,1
"2664",36059410000,0
"2665",36059410100,0
"2666",36059410200,0
"2667",36059410300,0
"2668",36059410400,1
"2669",36059410500,0
"2670",36059410600,0
"2671",36059410700,1
"2672",36059410800,0
"2673",36059410900,0
"2674",36059411000,1
"2675",36059411100,0
"2676",36059411200,0
"2677",36059411301,1
"2678",36059411302,0
"2679",36059411400,0
"2680",36059411500,1
"2681",36059411600,0
"2682",36059411700,1
"2683",36059411800,0
"2684",36059411901,0
"2685",36059411902,0
"2686",36059412000,0
"2687",36059412100,0
"2688",36059412200,0
"2689",36059412301,1
"2690",36059412302,0
"2691",36059412400,0
"2692",36059412500,0
"2693",36059412600,0
"2694",36059412700,0
"2695",36059412800,0
"2696",36059412900,0
"2697",36059413001,0
"2698",36059413002,1
"2699",36059413100,1
"2700",36059413200,0
"2701",36059413300,0
"2702",36059413400,0
"2703",36059413500,1
"2704",36059413600,1
"2705",36059413700,0
"2706",36059413803,0
"2707",36059413804,0
"2708",36059413900,0
"2709",36059414001,0
"2710",36059414002,1
"2711",36059414100,0
"2712",36059414201,0
"2713",36059414202,0
"2714",36059414301,0
"2715",36059414303,1
"2716",36059414304,0
"2717",36059414400,0
"2718",36059414501,1
"2719",36059414502,0
"2720",36059414600,0
"2721",36059414700,0
"2722",36059414800,0
"2723",36059414900,1
"2724",36059415000,0
"2725",36059415101,1
"2726",36059415102,0
"2727",36059415201,1
"2728",36059415202,0
"2729",36059415300,0
"2730",36059415401,0
"2731",36059415402,0
"2732",36059415500,0
"2733",36059415600,0
"2734",36059415700,0
"2735",36059415802,0
"2736",36059416000,1
"2737",36059416100,0
"2738",36059416201,1
"2739",36059416202,1
"2740",36059416300,1
"2741",36059416401,0
"2742",36059416402,0
"2743",36059416500,1
"2744",36059416600,1
"2745",36059416701,1
"2746",36059416702,0
"2747",36059416801,1
"2748",36059416802,1
"2749",36059416900,0
"2750",36059517000,0
"2751",36059517101,0
"2752",36059517102,0
"2753",36059517200,0
"2754",36059517301,0
"2755",36059517302,1
"2756",36059517400,0
"2757",36059517500,0
"2758",36059517600,1
"2759",36059517701,0
"2760",36059517705,1
"2761",36059517801,0
"2762",36059517802,1
"2763",36059517901,1
"2764",36059517902,0
"2765",36059518000,0
"2766",36059518100,1
"2767",36059518201,0
"2768",36059518203,0
"2769",36059518204,0
"2770",36059518300,1
"2771",36059518400,0
"2772",36059518501,0
"2773",36059518502,0
"2774",36059518600,0
"2775",36059518700,0
"2776",36059518800,0
"2777",36059518900,0
"2778",36059519000,0
"2779",36059519100,0
"2780",36059519200,1
"2781",36059519300,0
"2782",36059519400,1
"2783",36059519500,0
"2784",36059519601,1
"2785",36059519602,0
"2786",36059519702,0
"2787",36059519703,1
"2788",36059519704,0
"2789",36059519801,0
"2790",36059519802,0
"2791",36059519900,0
"2792",36059520001,0
"2793",36059520002,0
"2794",36059520100,0
"2795",36059520200,0
"2796",36059520300,0
"2797",36059520401,0
"2798",36059520402,1
"2799",36059520501,0
"2800",36059520502,1
"2801",36059520600,0
"2802",36059520700,1
"2803",36059520800,0
"2804",36059520900,0
"2805",36059521000,0
"2806",36059521100,0
"2807",36059521200,1
"2808",36059521301,0
"2809",36059521302,1
"2810",36059521400,1
"2811",36059521500,0
"2812",36059521601,0
"2813",36059521602,0
"2814",36059521700,1
"2815",36059521801,0
"2816",36059521802,0
"2817",36059521902,0
"2818",36059522000,0
"2819",36059522700,1
"2820",36059980100,0
"2821",36059981100,0
"2822",36059982100,0
"2823",36059990100,0
"2824",36059990200,0
"2825",36059990301,0
"2826",36059990302,0
"2827",36059990400,0
"2828",36061000100,0
"2829",36061000201,0
"2830",36061000202,0
"2831",36061000500,0
"2832",36061000600,0
"2833",36061000700,0
"2834",36061000800,0
"2835",36061000900,0
"2836",36061001001,1
"2837",36061001002,0
"2838",36061001200,1
"2839",36061001300,0
"2840",36061001401,1
"2841",36061001402,1
"2842",36061001501,0
"2843",36061001502,0
"2844",36061001600,0
"2845",36061001800,1
"2846",36061002000,0
"2847",36061002100,0
"2848",36061002201,0
"2849",36061002202,1
"2850",36061002400,0
"2851",36061002500,0
"2852",36061002601,0
"2853",36061002602,1
"2854",36061002700,1
"2855",36061002800,0
"2856",36061002900,0
"2857",36061003001,1
"2858",36061003002,0
"2859",36061003100,1
"2860",36061003200,1
"2861",36061003300,0
"2862",36061003400,1
"2863",36061003601,1
"2864",36061003602,0
"2865",36061003700,0
"2866",36061003800,0
"2867",36061003900,0
"2868",36061004000,0
"2869",36061004100,0
"2870",36061004200,0
"2871",36061004300,1
"2872",36061004400,0
"2873",36061004500,1
"2874",36061004700,1
"2875",36061004800,0
"2876",36061004900,0
"2877",36061005000,1
"2878",36061005200,1
"2879",36061005400,0
"2880",36061005501,0
"2881",36061005502,0
"2882",36061005600,0
"2883",36061005700,0
"2884",36061005800,1
"2885",36061005900,0
"2886",36061006000,0
"2887",36061006100,0
"2888",36061006200,1
"2889",36061006300,1
"2890",36061006400,0
"2891",36061006500,0
"2892",36061006600,1
"2893",36061006700,1
"2894",36061006800,0
"2895",36061006900,0
"2896",36061007000,1
"2897",36061007100,0
"2898",36061007200,0
"2899",36061007300,1
"2900",36061007400,1
"2901",36061007500,1
"2902",36061007600,0
"2903",36061007700,0
"2904",36061007800,0
"2905",36061007900,0
"2906",36061008000,1
"2907",36061008100,0
"2908",36061008200,0
"2909",36061008300,0
"2910",36061008400,0
"2911",36061008601,0
"2912",36061008602,0
"2913",36061008603,0
"2914",36061008700,0
"2915",36061008800,1
"2916",36061008900,0
"2917",36061009000,0
"2918",36061009100,0
"2919",36061009200,0
"2920",36061009300,1
"2921",36061009400,0
"2922",36061009500,1
"2923",36061009600,0
"2924",36061009700,0
"2925",36061009800,0
"2926",36061009900,1
"2927",36061010000,0
"2928",36061010100,0
"2929",36061010200,0
"2930",36061010300,1
"2931",36061010400,1
"2932",36061010601,1
"2933",36061010602,0
"2934",36061010800,0
"2935",36061010900,0
"2936",36061011000,0
"2937",36061011100,0
"2938",36061011201,0
"2939",36061011202,0
"2940",36061011203,0
"2941",36061011300,1
"2942",36061011401,0
"2943",36061011402,0
"2944",36061011500,1
"2945",36061011600,1
"2946",36061011700,1
"2947",36061011800,1
"2948",36061011900,0
"2949",36061012000,0
"2950",36061012100,1
"2951",36061012200,0
"2952",36061012400,0
"2953",36061012500,0
"2954",36061012600,0
"2955",36061012700,1
"2956",36061012800,1
"2957",36061012900,0
"2958",36061013000,0
"2959",36061013100,1
"2960",36061013200,0
"2961",36061013300,1
"2962",36061013400,0
"2963",36061013500,0
"2964",36061013600,0
"2965",36061013700,1
"2966",36061013800,1
"2967",36061013900,1
"2968",36061014000,0
"2969",36061014200,0
"2970",36061014300,0
"2971",36061014401,1
"2972",36061014402,0
"2973",36061014500,0
"2974",36061014601,0
"2975",36061014602,1
"2976",36061014700,0
"2977",36061014801,0
"2978",36061014802,0
"2979",36061014900,0
"2980",36061015001,0
"2981",36061015002,0
"2982",36061015100,0
"2983",36061015200,0
"2984",36061015300,0
"2985",36061015400,0
"2986",36061015500,1
"2987",36061015601,1
"2988",36061015602,1
"2989",36061015700,0
"2990",36061015801,0
"2991",36061015802,1
"2992",36061015900,1
"2993",36061016001,0
"2994",36061016002,1
"2995",36061016100,1
"2996",36061016200,0
"2997",36061016300,0
"2998",36061016400,NA
"2999",36061016500,1
"3000",36061016600,0
"3001",36061016700,1
"3002",36061016800,0
"3003",36061016900,1
"3004",36061017000,0
"3005",36061017100,1
"3006",36061017200,0
"3007",36061017300,1
"3008",36061017401,0
"3009",36061017402,0
"3010",36061017500,0
"3011",36061017700,0
"3012",36061017800,0
"3013",36061017900,0
"3014",36061018000,0
"3015",36061018100,0
"3016",36061018200,0
"3017",36061018300,1
"3018",36061018400,0
"3019",36061018500,0
"3020",36061018600,0
"3021",36061018700,1
"3022",36061018800,1
"3023",36061018900,0
"3024",36061019000,0
"3025",36061019100,1
"3026",36061019200,0
"3027",36061019300,0
"3028",36061019400,0
"3029",36061019500,1
"3030",36061019600,0
"3031",36061019701,0
"3032",36061019702,1
"3033",36061019800,1
"3034",36061019900,0
"3035",36061020000,1
"3036",36061020101,0
"3037",36061020102,1
"3038",36061020300,0
"3039",36061020500,0
"3040",36061020600,0
"3041",36061020701,0
"3042",36061020800,0
"3043",36061020901,0
"3044",36061021000,0
"3045",36061021100,0
"3046",36061021200,1
"3047",36061021303,1
"3048",36061021400,0
"3049",36061021500,0
"3050",36061021600,1
"3051",36061021703,0
"3052",36061021800,1
"3053",36061021900,0
"3054",36061022000,1
"3055",36061022102,0
"3056",36061022200,0
"3057",36061022301,0
"3058",36061022302,0
"3059",36061022400,0
"3060",36061022500,0
"3061",36061022600,1
"3062",36061022700,0
"3063",36061022800,1
"3064",36061022900,0
"3065",36061023000,0
"3066",36061023100,0
"3067",36061023200,0
"3068",36061023300,0
"3069",36061023400,1
"3070",36061023501,0
"3071",36061023502,0
"3072",36061023600,1
"3073",36061023700,0
"3074",36061023801,0
"3075",36061023802,0
"3076",36061023900,0
"3077",36061024000,0
"3078",36061024100,0
"3079",36061024200,0
"3080",36061024301,0
"3081",36061024302,0
"3082",36061024500,0
"3083",36061024700,0
"3084",36061024900,0
"3085",36061025100,0
"3086",36061025300,0
"3087",36061025500,0
"3088",36061025700,0
"3089",36061025900,1
"3090",36061026100,0
"3091",36061026300,0
"3092",36061026500,0
"3093",36061026700,0
"3094",36061026900,0
"3095",36061027100,0
"3096",36061027300,1
"3097",36061027500,1
"3098",36061027700,0
"3099",36061027900,0
"3100",36061028100,1
"3101",36061028300,0
"3102",36061028500,0
"3103",36061028700,1
"3104",36061029100,0
"3105",36061029300,NA
"3106",36061029500,1
"3107",36061029700,0
"3108",36061029900,0
"3109",36061030300,0
"3110",36061030700,1
"3111",36061030900,0
"3112",36061031100,0
"3113",36061031703,0
"3114",36061031704,0
"3115",36061031900,0
"3116",36079010100,0
"3117",36079010200,0
"3118",36079010300,0
"3119",36079010400,0
"3120",36079010500,1
"3121",36079010600,0
"3122",36079010700,0
"3123",36079010800,0
"3124",36079010900,0
"3125",36079011000,1
"3126",36079011100,0
"3127",36079011200,0
"3128",36079011300,1
"3129",36079011400,0
"3130",36079011500,0
"3131",36079011600,0
"3132",36079011700,0
"3133",36079011800,0
"3134",36079011900,0
"3135",36081000100,0
"3136",36081000200,0
"3137",36081000400,1
"3138",36081000600,0
"3139",36081000700,1
"3140",36081000800,1
"3141",36081001000,0
"3142",36081001200,0
"3143",36081001400,0
"3144",36081001600,0
"3145",36081001800,0
"3146",36081001900,1
"3147",36081002000,0
"3148",36081002200,0
"3149",36081002400,0
"3150",36081002500,0
"3151",36081002600,1
"3152",36081002800,1
"3153",36081003000,0
"3154",36081003100,0
"3155",36081003200,0
"3156",36081003300,0
"3157",36081003400,1
"3158",36081003600,0
"3159",36081003700,0
"3160",36081003800,0
"3161",36081003900,0
"3162",36081004001,0
"3163",36081004002,0
"3164",36081004200,1
"3165",36081004300,0
"3166",36081004401,1
"3167",36081004500,0
"3168",36081004700,0
"3169",36081005000,0
"3170",36081005100,0
"3171",36081005200,0
"3172",36081005300,0
"3173",36081005400,0
"3174",36081005500,1
"3175",36081005700,0
"3176",36081005800,0
"3177",36081005900,0
"3178",36081006100,1
"3179",36081006201,0
"3180",36081006202,0
"3181",36081006300,1
"3182",36081006501,1
"3183",36081006502,1
"3184",36081006900,1
"3185",36081007100,0
"3186",36081007300,1
"3187",36081007500,0
"3188",36081007700,1
"3189",36081007900,0
"3190",36081008100,1
"3191",36081008300,0
"3192",36081008500,0
"3193",36081008600,1
"3194",36081008700,0
"3195",36081008800,0
"3196",36081009100,1
"3197",36081009400,0
"3198",36081009500,1
"3199",36081009600,0
"3200",36081009700,1
"3201",36081009800,0
"3202",36081009900,0
"3203",36081010000,0
"3204",36081010100,0
"3205",36081010200,0
"3206",36081010300,0
"3207",36081010400,1
"3208",36081010500,0
"3209",36081010600,0
"3210",36081010701,0
"3211",36081010800,0
"3212",36081011000,0
"3213",36081011100,1
"3214",36081011200,0
"3215",36081011300,1
"3216",36081011400,1
"3217",36081011500,1
"3218",36081011600,0
"3219",36081011700,1
"3220",36081011800,0
"3221",36081011900,0
"3222",36081012000,0
"3223",36081012100,0
"3224",36081012200,0
"3225",36081012301,1
"3226",36081012400,0
"3227",36081012500,0
"3228",36081012601,0
"3229",36081012602,0
"3230",36081012800,0
"3231",36081013000,1
"3232",36081013200,0
"3233",36081013400,0
"3234",36081013500,0
"3235",36081013600,0
"3236",36081013700,1
"3237",36081013800,0
"3238",36081014000,0
"3239",36081014100,1
"3240",36081014201,0
"3241",36081014202,0
"3242",36081014300,1
"3243",36081014400,0
"3244",36081014500,1
"3245",36081014700,0
"3246",36081014800,1
"3247",36081014900,0
"3248",36081015000,1
"3249",36081015100,1
"3250",36081015200,0
"3251",36081015300,1
"3252",36081015400,0
"3253",36081015500,1
"3254",36081015600,1
"3255",36081015700,0
"3256",36081015801,0
"3257",36081015802,0
"3258",36081015900,0
"3259",36081016100,0
"3260",36081016300,0
"3261",36081016400,0
"3262",36081016600,0
"3263",36081016800,0
"3264",36081016900,0
"3265",36081017000,0
"3266",36081017100,0
"3267",36081017200,1
"3268",36081017400,0
"3269",36081017600,0
"3270",36081017800,0
"3271",36081017900,0
"3272",36081018000,0
"3273",36081018101,0
"3274",36081018102,1
"3275",36081018200,0
"3276",36081018300,0
"3277",36081018401,0
"3278",36081018402,1
"3279",36081018501,1
"3280",36081018502,1
"3281",36081018600,0
"3282",36081018700,0
"3283",36081018800,0
"3284",36081018900,1
"3285",36081019000,0
"3286",36081019200,1
"3287",36081019400,0
"3288",36081019600,0
"3289",36081019800,0
"3290",36081019900,0
"3291",36081020200,0
"3292",36081020400,0
"3293",36081020500,0
"3294",36081020600,0
"3295",36081020800,0
"3296",36081021200,0
"3297",36081021400,0
"3298",36081021600,0
"3299",36081021900,0
"3300",36081022001,0
"3301",36081022002,0
"3302",36081022900,0
"3303",36081023000,1
"3304",36081023200,0
"3305",36081023500,0
"3306",36081023600,0
"3307",36081023800,0
"3308",36081024000,0
"3309",36081024300,0
"3310",36081024500,0
"3311",36081024600,0
"3312",36081024700,0
"3313",36081024900,1
"3314",36081025100,1
"3315",36081025301,0
"3316",36081025302,0
"3317",36081025400,0
"3318",36081025500,0
"3319",36081025700,0
"3320",36081025800,0
"3321",36081025900,0
"3322",36081026000,0
"3323",36081026100,0
"3324",36081026200,0
"3325",36081026300,1
"3326",36081026400,0
"3327",36081026500,0
"3328",36081026600,0
"3329",36081026700,0
"3330",36081026901,0
"3331",36081026902,0
"3332",36081027000,1
"3333",36081027100,0
"3334",36081027200,1
"3335",36081027300,0
"3336",36081027400,1
"3337",36081027500,0
"3338",36081027600,0
"3339",36081027700,0
"3340",36081027800,0
"3341",36081027900,0
"3342",36081028000,1
"3343",36081028100,0
"3344",36081028200,1
"3345",36081028300,0
"3346",36081028400,0
"3347",36081028500,1
"3348",36081028700,0
"3349",36081028800,1
"3350",36081028900,0
"3351",36081029100,0
"3352",36081029300,0
"3353",36081029400,0
"3354",36081029500,1
"3355",36081029700,1
"3356",36081029900,0
"3357",36081030600,0
"3358",36081030902,0
"3359",36081030903,0
"3360",36081030904,0
"3361",36081031700,0
"3362",36081032000,1
"3363",36081032700,0
"3364",36081032800,0
"3365",36081032900,0
"3366",36081033000,0
"3367",36081033100,0
"3368",36081033401,0
"3369",36081033402,0
"3370",36081033700,0
"3371",36081033900,1
"3372",36081034700,1
"3373",36081035100,1
"3374",36081035200,1
"3375",36081035300,1
"3376",36081035700,0
"3377",36081035800,0
"3378",36081036100,0
"3379",36081036300,0
"3380",36081036500,0
"3381",36081036600,0
"3382",36081036700,0
"3383",36081036800,0
"3384",36081037100,0
"3385",36081037300,0
"3386",36081037500,0
"3387",36081037600,0
"3388",36081037700,0
"3389",36081037900,0
"3390",36081038100,0
"3391",36081038301,0
"3392",36081038302,1
"3393",36081038400,0
"3394",36081039400,1
"3395",36081039800,0
"3396",36081039900,1
"3397",36081040000,0
"3398",36081040100,0
"3399",36081040200,1
"3400",36081040300,0
"3401",36081040400,0
"3402",36081040500,0
"3403",36081040700,0
"3404",36081040900,0
"3405",36081041100,0
"3406",36081041300,0
"3407",36081041400,0
"3408",36081041500,0
"3409",36081042400,0
"3410",36081042600,0
"3411",36081042700,0
"3412",36081043200,1
"3413",36081043400,1
"3414",36081043701,0
"3415",36081043702,0
"3416",36081043900,0
"3417",36081044000,0
"3418",36081044301,0
"3419",36081044302,0
"3420",36081044400,0
"3421",36081044601,0
"3422",36081044602,0
"3423",36081044800,0
"3424",36081045000,0
"3425",36081045200,0
"3426",36081045400,0
"3427",36081045500,0
"3428",36081045600,0
"3429",36081045700,0
"3430",36081045800,0
"3431",36081045900,0
"3432",36081046000,0
"3433",36081046100,0
"3434",36081046200,0
"3435",36081046300,0
"3436",36081046400,0
"3437",36081046500,0
"3438",36081046600,0
"3439",36081046700,0
"3440",36081046800,0
"3441",36081046900,0
"3442",36081047000,0
"3443",36081047100,0
"3444",36081047200,0
"3445",36081047300,0
"3446",36081047500,0
"3447",36081047600,0
"3448",36081047800,0
"3449",36081047900,1
"3450",36081048000,0
"3451",36081048100,0
"3452",36081048200,1
"3453",36081048300,1
"3454",36081048400,0
"3455",36081048500,0
"3456",36081048900,0
"3457",36081049200,0
"3458",36081049301,1
"3459",36081049302,0
"3460",36081049500,0
"3461",36081049600,0
"3462",36081049700,0
"3463",36081049900,0
"3464",36081050000,0
"3465",36081050201,0
"3466",36081050202,0
"3467",36081050400,1
"3468",36081050500,0
"3469",36081050600,0
"3470",36081050700,0
"3471",36081050800,0
"3472",36081051000,0
"3473",36081051100,0
"3474",36081051200,1
"3475",36081051300,0
"3476",36081051500,1
"3477",36081051600,0
"3478",36081051700,1
"3479",36081051800,1
"3480",36081052000,1
"3481",36081052100,0
"3482",36081052200,1
"3483",36081052400,1
"3484",36081052500,0
"3485",36081052600,1
"3486",36081052800,0
"3487",36081053000,0
"3488",36081053100,0
"3489",36081053200,0
"3490",36081053401,0
"3491",36081053500,0
"3492",36081053601,0
"3493",36081053800,0
"3494",36081053900,1
"3495",36081054000,0
"3496",36081054200,1
"3497",36081054500,0
"3498",36081054700,0
"3499",36081054800,1
"3500",36081054900,1
"3501",36081055100,0
"3502",36081055200,0
"3503",36081055300,0
"3504",36081055400,1
"3505",36081055500,0
"3506",36081055600,1
"3507",36081055700,0
"3508",36081055800,0
"3509",36081055900,0
"3510",36081056000,1
"3511",36081056100,NA
"3512",36081056200,0
"3513",36081056400,0
"3514",36081056500,1
"3515",36081056600,0
"3516",36081056700,0
"3517",36081056800,1
"3518",36081057700,0
"3519",36081057900,0
"3520",36081058000,1
"3521",36081058100,0
"3522",36081058200,1
"3523",36081058300,0
"3524",36081058500,0
"3525",36081058700,0
"3526",36081058900,0
"3527",36081059000,0
"3528",36081059100,0
"3529",36081059200,0
"3530",36081059300,1
"3531",36081059400,0
"3532",36081059500,1
"3533",36081059600,0
"3534",36081059800,0
"3535",36081059900,1
"3536",36081060000,0
"3537",36081060100,0
"3538",36081060300,0
"3539",36081060600,1
"3540",36081060701,0
"3541",36081060800,1
"3542",36081061000,0
"3543",36081061200,0
"3544",36081061301,1
"3545",36081061302,0
"3546",36081061400,1
"3547",36081061601,0
"3548",36081061602,0
"3549",36081061800,0
"3550",36081061900,0
"3551",36081062000,1
"3552",36081062100,0
"3553",36081062200,1
"3554",36081062300,0
"3555",36081062400,0
"3556",36081062500,0
"3557",36081062600,0
"3558",36081062700,0
"3559",36081062900,0
"3560",36081063000,0
"3561",36081063200,0
"3562",36081063301,0
"3563",36081063302,0
"3564",36081063500,0
"3565",36081063700,0
"3566",36081063800,1
"3567",36081063900,0
"3568",36081064101,1
"3569",36081064102,0
"3570",36081064500,1
"3571",36081064600,0
"3572",36081065000,0
"3573",36081065400,1
"3574",36081065501,0
"3575",36081065600,0
"3576",36081065702,0
"3577",36081065703,0
"3578",36081065900,0
"3579",36081066000,0
"3580",36081066100,1
"3581",36081066300,0
"3582",36081066400,1
"3583",36081066501,0
"3584",36081066701,1
"3585",36081066900,0
"3586",36081067100,0
"3587",36081067700,0
"3588",36081067900,1
"3589",36081068000,0
"3590",36081068200,0
"3591",36081068300,0
"3592",36081068700,1
"3593",36081069000,1
"3594",36081069300,0
"3595",36081069400,0
"3596",36081069500,0
"3597",36081069701,1
"3598",36081069702,0
"3599",36081070300,0
"3600",36081070700,1
"3601",36081070900,1
"3602",36081071100,1
"3603",36081071303,0
"3604",36081071304,0
"3605",36081071305,1
"3606",36081071306,0
"3607",36081071600,0
"3608",36081071701,0
"3609",36081071702,0
"3610",36081071900,0
"3611",36081072100,0
"3612",36081072300,0
"3613",36081072900,0
"3614",36081073100,0
"3615",36081073700,0
"3616",36081073900,1
"3617",36081074100,0
"3618",36081074300,0
"3619",36081074500,0
"3620",36081074700,0
"3621",36081074900,0
"3622",36081075701,0
"3623",36081075702,0
"3624",36081076901,0
"3625",36081076902,1
"3626",36081077300,0
"3627",36081077500,0
"3628",36081077902,0
"3629",36081077903,0
"3630",36081077904,0
"3631",36081077905,0
"3632",36081077906,0
"3633",36081077907,0
"3634",36081077908,0
"3635",36081078800,0
"3636",36081079000,0
"3637",36081079200,0
"3638",36081079300,0
"3639",36081079701,0
"3640",36081079702,0
"3641",36081079900,0
"3642",36081080301,0
"3643",36081080302,1
"3644",36081080900,0
"3645",36081081400,1
"3646",36081081800,1
"3647",36081083700,0
"3648",36081083800,0
"3649",36081084000,0
"3650",36081084500,0
"3651",36081084601,1
"3652",36081084602,0
"3653",36081084900,0
"3654",36081085300,0
"3655",36081085500,0
"3656",36081085700,0
"3657",36081085900,0
"3658",36081086100,0
"3659",36081086300,0
"3660",36081086400,0
"3661",36081086500,0
"3662",36081086900,0
"3663",36081087100,0
"3664",36081088400,0
"3665",36081088901,1
"3666",36081089200,1
"3667",36081090700,0
"3668",36081091601,0
"3669",36081091602,0
"3670",36081091800,0
"3671",36081091900,0
"3672",36081092200,0
"3673",36081092500,0
"3674",36081092800,0
"3675",36081092900,1
"3676",36081093401,1
"3677",36081093402,0
"3678",36081093800,0
"3679",36081093900,0
"3680",36081094201,1
"3681",36081094202,1
"3682",36081094203,0
"3683",36081094500,1
"3684",36081094700,1
"3685",36081095400,0
"3686",36081096400,1
"3687",36081097202,0
"3688",36081097203,0
"3689",36081097204,0
"3690",36081097300,0
"3691",36081098100,1
"3692",36081098700,1
"3693",36081099100,1
"3694",36081099200,0
"3695",36081099701,0
"3696",36081099703,1
"3697",36081099704,0
"3698",36081099705,1
"3699",36081099801,0
"3700",36081099802,0
"3701",36081099900,0
"3702",36081100801,1
"3703",36081100802,0
"3704",36081101001,0
"3705",36081101002,0
"3706",36081101700,0
"3707",36081102900,0
"3708",36081103201,0
"3709",36081103202,0
"3710",36081103300,1
"3711",36081103900,1
"3712",36081104700,1
"3713",36081105900,1
"3714",36081107201,1
"3715",36081107202,0
"3716",36081108500,1
"3717",36081109300,0
"3718",36081109700,0
"3719",36081109900,0
"3720",36081111300,1
"3721",36081112300,0
"3722",36081112900,0
"3723",36081113300,1
"3724",36081113900,1
"3725",36081114100,1
"3726",36081114700,0
"3727",36081115100,0
"3728",36081115500,1
"3729",36081115700,0
"3730",36081115900,0
"3731",36081116100,0
"3732",36081116300,0
"3733",36081116700,0
"3734",36081117100,1
"3735",36081117500,0
"3736",36081118100,0
"3737",36081118500,0
"3738",36081118700,1
"3739",36081118900,1
"3740",36081119100,0
"3741",36081119300,1
"3742",36081119500,0
"3743",36081119900,0
"3744",36081120100,0
"3745",36081120300,0
"3746",36081120500,0
"3747",36081120700,1
"3748",36081121100,0
"3749",36081121500,1
"3750",36081122300,1
"3751",36081122701,0
"3752",36081122702,0
"3753",36081124100,1
"3754",36081124700,1
"3755",36081125700,0
"3756",36081126500,0
"3757",36081126700,0
"3758",36081127700,0
"3759",36081128300,0
"3760",36081129102,0
"3761",36081129103,0
"3762",36081129104,0
"3763",36081130100,0
"3764",36081133300,0
"3765",36081133900,0
"3766",36081134100,0
"3767",36081134700,0
"3768",36081136700,1
"3769",36081137700,1
"3770",36081138501,0
"3771",36081138502,0
"3772",36081139900,0
"3773",36081140300,0
"3774",36081140901,0
"3775",36081140902,0
"3776",36081141700,0
"3777",36081142900,0
"3778",36081143500,0
"3779",36081144100,0
"3780",36081144700,0
"3781",36081145101,0
"3782",36081145102,0
"3783",36081145900,0
"3784",36081146300,0
"3785",36081146700,0
"3786",36081147100,0
"3787",36081147900,0
"3788",36081148300,1
"3789",36081150701,0
"3790",36081150702,0
"3791",36081152901,1
"3792",36081152902,0
"3793",36081155101,0
"3794",36081155102,0
"3795",36081156700,1
"3796",36081157101,0
"3797",36081157102,0
"3798",36081157901,1
"3799",36081157902,0
"3800",36081157903,0
"3801",36081161700,1
"3802",36081162100,1
"3803",36081990100,0
"3804",36085000300,0
"3805",36085000600,0
"3806",36085000700,0
"3807",36085000800,0
"3808",36085000900,0
"3809",36085001100,0
"3810",36085001700,0
"3811",36085001800,0
"3812",36085002001,0
"3813",36085002002,0
"3814",36085002100,0
"3815",36085002700,0
"3816",36085002900,0
"3817",36085003300,0
"3818",36085003600,1
"3819",36085003900,0
"3820",36085004000,0
"3821",36085004700,0
"3822",36085005000,0
"3823",36085005900,0
"3824",36085006400,0
"3825",36085006700,1
"3826",36085007000,0
"3827",36085007400,1
"3828",36085007500,0
"3829",36085007700,0
"3830",36085008100,0
"3831",36085008900,0
"3832",36085009601,0
"3833",36085009602,0
"3834",36085009700,0
"3835",36085010500,0
"3836",36085011201,0
"3837",36085011202,1
"3838",36085011401,0
"3839",36085011402,0
"3840",36085012100,0
"3841",36085012200,0
"3842",36085012500,0
"3843",36085012804,1
"3844",36085012805,1
"3845",36085012806,0
"3846",36085013201,0
"3847",36085013203,0
"3848",36085013204,0
"3849",36085013301,0
"3850",36085013302,0
"3851",36085013400,0
"3852",36085013800,0
"3853",36085014100,1
"3854",36085014604,1
"3855",36085014605,1
"3856",36085014606,1
"3857",36085014607,0
"3858",36085014608,1
"3859",36085014700,0
"3860",36085015100,0
"3861",36085015400,0
"3862",36085015601,0
"3863",36085015602,0
"3864",36085015603,0
"3865",36085016901,0
"3866",36085017005,0
"3867",36085017007,1
"3868",36085017008,0
"3869",36085017009,0
"3870",36085017010,1
"3871",36085017011,1
"3872",36085017012,1
"3873",36085017300,0
"3874",36085017600,0
"3875",36085017700,0
"3876",36085018100,1
"3877",36085018701,1
"3878",36085018702,0
"3879",36085018901,1
"3880",36085018902,0
"3881",36085019700,0
"3882",36085019800,1
"3883",36085020100,0
"3884",36085020700,0
"3885",36085020801,0
"3886",36085020803,0
"3887",36085020804,0
"3888",36085021300,1
"3889",36085022300,1
"3890",36085022600,0
"3891",36085022800,1
"3892",36085023100,0
"3893",36085023900,0
"3894",36085024401,1
"3895",36085024402,0
"3896",36085024700,1
"3897",36085024800,1
"3898",36085025100,0
"3899",36085027301,0
"3900",36085027302,0
"3901",36085027702,0
"3902",36085027704,0
"3903",36085027705,0
"3904",36085027706,0
"3905",36085027900,1
"3906",36085029102,0
"3907",36085029103,1
"3908",36085029104,0
"3909",36085030301,1
"3910",36085030302,0
"3911",36085031901,0
"3912",36085031902,0
"3913",36085032300,0
"3914",36085990100,0
"3915",36087010101,0
"3916",36087010102,1
"3917",36087010200,0
"3918",36087010501,0
"3919",36087010502,0
"3920",36087010503,1
"3921",36087010601,0
"3922",36087010602,0
"3923",36087010701,0
"3924",36087010702,0
"3925",36087010703,0
"3926",36087010801,0
"3927",36087010802,1
"3928",36087010803,0
"3929",36087010804,0
"3930",36087010901,1
"3931",36087010902,0
"3932",36087011000,0
"3933",36087011101,0
"3934",36087011102,0
"3935",36087011200,0
"3936",36087011301,0
"3937",36087011302,0
"3938",36087011303,1
"3939",36087011401,1
"3940",36087011403,0
"3941",36087011404,1
"3942",36087011405,0
"3943",36087011501,0
"3944",36087011502,0
"3945",36087011504,0
"3946",36087011505,0
"3947",36087011506,0
"3948",36087011601,0
"3949",36087011602,0
"3950",36087011603,0
"3951",36087011700,1
"3952",36087011800,0
"3953",36087011901,0
"3954",36087011902,0
"3955",36087012000,0
"3956",36087012101,0
"3957",36087012102,0
"3958",36087012103,0
"3959",36087012105,0
"3960",36087012106,0
"3961",36087012202,0
"3962",36087012203,0
"3963",36087012204,0
"3964",36087012300,0
"3965",36087012401,0
"3966",36087012402,0
"3967",36087012501,0
"3968",36087012502,0
"3969",36087012600,0
"3970",36087012700,0
"3971",36087012800,0
"3972",36087013001,0
"3973",36087013002,0
"3974",36087013003,0
"3975",36087013100,0
"3976",36087013200,1
"3977",36087013300,0
"3978",36087013401,0
"3979",36087013402,0
"3980",36103110101,0
"3981",36103110102,0
"3982",36103110200,1
"3983",36103110300,0
"3984",36103110401,0
"3985",36103110402,0
"3986",36103110501,0
"3987",36103110502,0
"3988",36103110600,0
"3989",36103110801,1
"3990",36103110803,0
"3991",36103110901,0
"3992",36103110902,0
"3993",36103111001,0
"3994",36103111002,0
"3995",36103111100,0
"3996",36103111201,0
"3997",36103111202,0
"3998",36103111300,0
"3999",36103111401,0
"4000",36103111402,1
"4001",36103111503,0
"4002",36103111504,0
"4003",36103111505,1
"4004",36103111506,0
"4005",36103111601,0
"4006",36103111602,1
"4007",36103111701,0
"4008",36103111703,0
"4009",36103111704,0
"4010",36103111801,0
"4011",36103111802,0
"4012",36103111803,0
"4013",36103111804,1
"4014",36103111900,0
"4015",36103112001,0
"4016",36103112002,0
"4017",36103112102,0
"4018",36103112103,0
"4019",36103112104,0
"4020",36103112204,1
"4021",36103112206,0
"4022",36103112210,0
"4023",36103112211,0
"4024",36103112212,0
"4025",36103112213,0
"4026",36103112214,0
"4027",36103122300,0
"4028",36103122403,1
"4029",36103122404,0
"4030",36103122405,0
"4031",36103122406,1
"4032",36103122501,0
"4033",36103122502,0
"4034",36103122601,0
"4035",36103122602,0
"4036",36103122603,0
"4037",36103122704,0
"4038",36103122705,1
"4039",36103122706,0
"4040",36103122707,0
"4041",36103122801,0
"4042",36103122802,0
"4043",36103122901,1
"4044",36103122902,0
"4045",36103123001,1
"4046",36103123002,1
"4047",36103123101,0
"4048",36103123102,0
"4049",36103123201,0
"4050",36103123202,0
"4051",36103123301,0
"4052",36103123302,0
"4053",36103123401,0
"4054",36103123402,0
"4055",36103123500,0
"4056",36103123600,0
"4057",36103123701,0
"4058",36103123702,0
"4059",36103123801,0
"4060",36103123802,0
"4061",36103123900,0
"4062",36103124001,1
"4063",36103124002,1
"4064",36103124101,1
"4065",36103124102,0
"4066",36103124200,1
"4067",36103124300,0
"4068",36103124401,1
"4069",36103124402,0
"4070",36103124500,1
"4071",36103124601,1
"4072",36103124602,0
"4073",36103134702,0
"4074",36103134703,0
"4075",36103134704,0
"4076",36103134902,0
"4077",36103134903,0
"4078",36103134904,0
"4079",36103134906,0
"4080",36103134907,0
"4081",36103135002,1
"4082",36103135003,0
"4083",36103135004,0
"4084",36103135005,0
"4085",36103135101,0
"4086",36103135102,0
"4087",36103135103,1
"4088",36103135104,0
"4089",36103135201,0
"4090",36103135204,0
"4091",36103135205,0
"4092",36103135208,0
"4093",36103135209,0
"4094",36103135301,0
"4095",36103135303,1
"4096",36103135304,0
"4097",36103135401,0
"4098",36103135402,0
"4099",36103135403,1
"4100",36103145602,0
"4101",36103145603,0
"4102",36103145604,0
"4103",36103145605,0
"4104",36103145701,0
"4105",36103145702,0
"4106",36103145703,0
"4107",36103145704,0
"4108",36103145803,0
"4109",36103145804,0
"4110",36103145805,0
"4111",36103145807,1
"4112",36103145808,1
"4113",36103145901,1
"4114",36103145902,1
"4115",36103145903,1
"4116",36103146001,0
"4117",36103146002,0
"4118",36103146003,1
"4119",36103146102,0
"4120",36103146103,0
"4121",36103146105,0
"4122",36103146106,0
"4123",36103146201,0
"4124",36103146202,0
"4125",36103146203,0
"4126",36103146204,1
"4127",36103146205,0
"4128",36103146206,0
"4129",36103146300,0
"4130",36103146402,0
"4131",36103146403,1
"4132",36103146404,0
"4133",36103146500,1
"4134",36103146604,1
"4135",36103146605,0
"4136",36103146606,1
"4137",36103146607,1
"4138",36103146608,0
"4139",36103146611,0
"4140",36103146612,1
"4141",36103146613,1
"4142",36103146614,0
"4143",36103146615,0
"4144",36103146703,0
"4145",36103146704,0
"4146",36103146705,0
"4147",36103146706,1
"4148",36103146800,0
"4149",36103146901,1
"4150",36103146902,0
"4151",36103147001,0
"4152",36103147003,1
"4153",36103147004,0
"4154",36103147100,0
"4155",36103147200,0
"4156",36103147300,0
"4157",36103147401,1
"4158",36103147402,0
"4159",36103147501,0
"4160",36103147502,0
"4161",36103147503,1
"4162",36103147601,0
"4163",36103147602,0
"4164",36103147701,1
"4165",36103147702,0
"4166",36103147802,0
"4167",36103147803,0
"4168",36103147804,0
"4169",36103147901,0
"4170",36103147902,0
"4171",36103158001,0
"4172",36103158002,0
"4173",36103158006,0
"4174",36103158007,0
"4175",36103158009,0
"4176",36103158010,1
"4177",36103158011,0
"4178",36103158102,0
"4179",36103158103,0
"4180",36103158104,1
"4181",36103158107,0
"4182",36103158108,1
"4183",36103158110,0
"4184",36103158111,0
"4185",36103158112,0
"4186",36103158114,1
"4187",36103158115,1
"4188",36103158116,1
"4189",36103158202,0
"4190",36103158203,0
"4191",36103158205,1
"4192",36103158206,0
"4193",36103158207,0
"4194",36103158304,1
"4195",36103158306,1
"4196",36103158308,0
"4197",36103158309,0
"4198",36103158310,0
"4199",36103158315,0
"4200",36103158317,1
"4201",36103158318,1
"4202",36103158319,0
"4203",36103158320,0
"4204",36103158321,1
"4205",36103158322,1
"4206",36103158323,0
"4207",36103158401,0
"4208",36103158402,0
"4209",36103158403,1
"4210",36103158405,1
"4211",36103158407,0
"4212",36103158408,1
"4213",36103158409,1
"4214",36103158410,0
"4215",36103158502,0
"4216",36103158505,1
"4217",36103158506,1
"4218",36103158507,1
"4219",36103158508,0
"4220",36103158509,0
"4221",36103158510,0
"4222",36103158511,0
"4223",36103158512,0
"4224",36103158604,1
"4225",36103158605,0
"4226",36103158606,0
"4227",36103158607,0
"4228",36103158608,0
"4229",36103158609,1
"4230",36103158704,0
"4231",36103158705,0
"4232",36103158707,1
"4233",36103158708,0
"4234",36103158709,0
"4235",36103158710,0
"4236",36103158711,0
"4237",36103158712,1
"4238",36103158802,0
"4239",36103158803,0
"4240",36103158804,0
"4241",36103158900,0
"4242",36103159000,1
"4243",36103159102,0
"4244",36103159103,0
"4245",36103159105,0
"4246",36103159106,0
"4247",36103159107,0
"4248",36103159108,0
"4249",36103159201,0
"4250",36103159203,1
"4251",36103159204,0
"4252",36103159300,0
"4253",36103159404,0
"4254",36103159406,1
"4255",36103159407,0
"4256",36103159408,0
"4257",36103159410,1
"4258",36103159411,0
"4259",36103159412,0
"4260",36103159505,1
"4261",36103159506,1
"4262",36103159508,1
"4263",36103159509,0
"4264",36103159510,1
"4265",36103159511,0
"4266",36103159512,0
"4267",36103159601,0
"4268",36103159602,1
"4269",36103169701,1
"4270",36103169703,1
"4271",36103169704,0
"4272",36103169800,0
"4273",36103169901,0
"4274",36103169902,1
"4275",36103170001,0
"4276",36103170002,1
"4277",36103170101,1
"4278",36103170201,0
"4279",36103170202,1
"4280",36103180300,1
"4281",36103190401,0
"4282",36103190402,1
"4283",36103190403,1
"4284",36103190502,1
"4285",36103190503,0
"4286",36103190504,1
"4287",36103190601,1
"4288",36103190603,0
"4289",36103190604,1
"4290",36103190704,0
"4291",36103190705,0
"4292",36103190706,1
"4293",36103190707,1
"4294",36103190708,1
"4295",36103190800,1
"4296",36103200901,1
"4297",36103200902,1
"4298",36103201001,0
"4299",36103201003,0
"4300",36103201004,1
"4301",36103201100,0
"4302",36103990100,0
"4303",36119000101,0
"4304",36119000103,0
"4305",36119000104,0
"4306",36119000201,0
"4307",36119000202,0
"4308",36119000203,0
"4309",36119000300,0
"4310",36119000401,0
"4311",36119000402,1
"4312",36119000500,0
"4313",36119000600,0
"4314",36119000701,0
"4315",36119000702,0
"4316",36119000801,0
"4317",36119000802,0
"4318",36119000803,0
"4319",36119000900,0
"4320",36119001000,0
"4321",36119001101,0
"4322",36119001102,0
"4323",36119001200,0
"4324",36119001301,0
"4325",36119001302,0
"4326",36119001303,0
"4327",36119001401,0
"4328",36119001402,0
"4329",36119001403,0
"4330",36119001502,0
"4331",36119001503,0
"4332",36119001504,0
"4333",36119001505,0
"4334",36119001600,0
"4335",36119001700,1
"4336",36119001800,0
"4337",36119001900,0
"4338",36119002000,1
"4339",36119002101,0
"4340",36119002103,0
"4341",36119002104,0
"4342",36119002105,0
"4343",36119002106,0
"4344",36119002107,0
"4345",36119002201,1
"4346",36119002202,0
"4347",36119002203,0
"4348",36119002204,0
"4349",36119002300,0
"4350",36119002401,1
"4351",36119002402,0
"4352",36119002403,0
"4353",36119002404,0
"4354",36119002405,1
"4355",36119002600,0
"4356",36119002700,0
"4357",36119002800,0
"4358",36119002900,0
"4359",36119003000,0
"4360",36119003100,0
"4361",36119003200,0
"4362",36119003300,0
"4363",36119003400,0
"4364",36119003500,0
"4365",36119003600,0
"4366",36119003700,0
"4367",36119003800,0
"4368",36119003900,0
"4369",36119004000,0
"4370",36119004100,0
"4371",36119004200,0
"4372",36119004300,0
"4373",36119004400,0
"4374",36119004500,0
"4375",36119004600,0
"4376",36119004700,0
"4377",36119004800,1
"4378",36119004900,1
"4379",36119005001,1
"4380",36119005002,0
"4381",36119005100,0
"4382",36119005200,1
"4383",36119005300,0
"4384",36119005400,0
"4385",36119005500,0
"4386",36119005600,0
"4387",36119005701,0
"4388",36119005702,0
"4389",36119005800,0
"4390",36119005901,0
"4391",36119005902,0
"4392",36119006000,1
"4393",36119006100,1
"4394",36119006200,0
"4395",36119006300,0
"4396",36119006400,0
"4397",36119006500,0
"4398",36119006600,0
"4399",36119006700,0
"4400",36119006801,0
"4401",36119006802,0
"4402",36119006900,0
"4403",36119007000,0
"4404",36119007100,1
"4405",36119007200,1
"4406",36119007300,0
"4407",36119007401,1
"4408",36119007402,0
"4409",36119007500,0
"4410",36119007600,0
"4411",36119007700,0
"4412",36119007800,0
"4413",36119007900,0
"4414",36119008000,0
"4415",36119008100,0
"4416",36119008200,0
"4417",36119008301,0
"4418",36119008302,0
"4419",36119008401,0
"4420",36119008403,1
"4421",36119008404,0
"4422",36119008500,0
"4423",36119008602,0
"4424",36119008700,0
"4425",36119008800,1
"4426",36119008901,0
"4427",36119008902,0
"4428",36119009000,0
"4429",36119009100,0
"4430",36119009200,0
"4431",36119009300,0
"4432",36119009400,1
"4433",36119009500,0
"4434",36119009600,0
"4435",36119009701,0
"4436",36119009702,0
"4437",36119009703,1
"4438",36119009800,0
"4439",36119009900,0
"4440",36119010000,0
"4441",36119010100,0
"4442",36119010200,0
"4443",36119010300,0
"4444",36119010400,0
"4445",36119010500,0
"4446",36119010600,0
"4447",36119010701,0
"4448",36119010702,0
"4449",36119010801,0
"4450",36119010803,0
"4451",36119010804,0
"4452",36119010901,0
"4453",36119010902,1
"4454",36119010903,1
"4455",36119011000,0
"4456",36119011101,0
"4457",36119011102,0
"4458",36119011200,0
"4459",36119011300,0
"4460",36119011400,0
"4461",36119011500,0
"4462",36119011600,1
"4463",36119011700,0
"4464",36119011800,0
"4465",36119011902,0
"4466",36119012000,0
"4467",36119012101,0
"4468",36119012102,0
"4469",36119012200,1
"4470",36119012301,1
"4471",36119012303,1
"4472",36119012304,0
"4473",36119012400,0
"4474",36119012501,0
"4475",36119012502,0
"4476",36119012503,0
"4477",36119012600,0
"4478",36119012700,0
"4479",36119012802,0
"4480",36119012900,0
"4481",36119013000,0
"4482",36119013102,0
"4483",36119013103,0
"4484",36119013104,0
"4485",36119013201,0
"4486",36119013202,0
"4487",36119013301,0
"4488",36119013304,1
"4489",36119013400,0
"4490",36119013500,0
"4491",36119013600,0
"4492",36119013700,0
"4493",36119013800,0
"4494",36119013900,0
"4495",36119014000,1
"4496",36119014100,0
"4497",36119014200,0
"4498",36119014300,0
"4499",36119014400,0
"4500",36119014500,0
"4501",36119014604,0
"4502",36119014605,0
"4503",36119014606,0
"4504",36119014607,0
"4505",36119014701,0
"4506",36119014703,0
"4507",36119014704,0
"4508",36119014804,0
"4509",36119014805,0
"4510",36119014806,0
"4511",36119014808,0
"4512",36119014809,0
"4513",36119014810,0
"4514",36119014811,1
"4515",36119014901,1
"4516",36119014903,0
"4517",36119014907,0
"4518",36119014908,0
"4519",36119014909,0
"4520",36119015000,1
"4521",36119981000,0
"4522",36119982000,0
"4523",36119983000,0
"4524",36119984000,0
"4525",36119985000,0
"4526",42103950102,0
"4527",42103950103,0
"4528",42103950104,0
"4529",42103950201,0
"4530",42103950202,0
"4531",42103950301,1
"4532",42103950302,0
"4533",42103950501,0
"4534",42103950502,0
"4535",42103950601,0
"4536",42103950603,0
"4537",42103950605,0
"4538",42103950606,0
"4539",42103950701,0
"4540",42103950702,0
"4541",42103950801,0
"4542",42103950802,0
"4543",42103950900,0
